1,BATTY3JAMES_103200479_20191009_084730.SBN,11:06:06,31.949,30.421,154.3
2,BATTY3JAMES_103200479_20191009_084730.SBN,11:09:53,31.9,30.468,151.8
3,BATTY3JAMES_103200479_20191009_084730.SBN,11:20:20,35.199,27.612,148.8
4,BATTY3JAMES_103200479_20191009_084730.SBN,11:44:55,30.374,31.999,154.7
5,BATTY3JAMES_103200479_20191009_084730.SBN,11:48:22,29.637,32.794,151.2
6,BATTY3JAMES_103200479_20191009_084730.SBN,11:52:17,28.598,33.986,150.6
7,BATTY3JAMES_103200479_20191009_084730.SBN,12:02:27,28.327,34.311,148.5
8,BATTY3JAMES_103200479_20191009_084730.SBN,12:09:17,28.765,33.789,150.7
9,BATTY3JAMES_103200479_20191009_084730.SBN,12:20:25,28.755,33.8,148
10,BATTY3JAMES_103200479_20191009_084730.SBN,12:28:30,32.019,30.355,147.7
11,BATTY3JAMES_103200479_20191009_084730.SBN,13:40:23,30.142,32.245,147.1
12,BATTY3JAMES_103200479_20191009_084730.SBN,13:46:30,30.216,32.166,147.1
13,BATTY3JAMES_103200479_20191009_084730.SBN,13:50:15,30.82,31.535,146.4
14,BATTY3JAMES_103200479_20191009_084730.SBN,13:55:31,30.971,31.381,147.1
15,BATTY3JAMES_103200479_20191009_084730.SBN,14:18:48,30.793,31.563,147.1
16,BATTY3JAMES_103200479_20191009_084730.SBN,14:21:40,29.361,33.102,138.8
17,BATTY3JAMES_103200479_20191009_084730.SBN,14:26:30,29.943,32.459,147
18,BATTY3JAMES_103200479_20191009_084730.SBN,14:34:50,30.247,32.133,143.2
19,BATTY3JAMES_103200479_20191009_084730.SBN,14:51:52,29.734,32.688,146.6
20,BATTY3JAMES_103200479_20191009_084730.SBN,14:55:16,30.2,32.183,145.6
21,BATTY3JAMES_103200479_20191009_084730.SBN,15:24:24,28.307,34.335,141.7
22,BATTY3JAMES_103200479_20191009_084730.SBN,15:31:41,31.161,31.19,157
23,BATTY3JAMES_103200479_20191009_084730.SBN,15:35:25,29.642,32.789,157.8
24,BATTY3JAMES_103200479_20191009_084730.SBN,15:45:42,52.17,18.63,149.7
1,BERES23JEB_832002092_20191009_091234.SBN,11:49:42,39.021,24.908,149.3
2,BERES23JEB_832002092_20191009_091234.SBN,12:01:14,36.691,26.49,148.8
3,BERES23JEB_832002092_20191009_091234.SBN,12:09:50,36.85,26.375,148.7
4,BERES23JEB_832002092_20191009_091234.SBN,12:28:15,40.86,23.787,154.1
5,BERES23JEB_832002092_20191009_091234.SBN,12:37:53,36.606,26.551,154.3
6,BERES23JEB_832002092_20191009_091234.SBN,12:50:52,36.387,26.711,154.6
7,BERES23JEB_832002092_20191009_091234.SBN,13:47:48,38.066,25.532,149.8
8,BERES23JEB_832002092_20191009_091234.SBN,13:56:17,40.508,23.993,148.6
9,BERES23JEB_832002092_20191009_091234.SBN,14:03:05,40.917,23.753,154.9
10,BERES23JEB_832002092_20191009_091234.SBN,14:10:18,38.976,24.937,144.5
11,BERES23JEB_832002092_20191009_091234.SBN,14:15:50,42.013,23.134,144.3
12,BERES23JEB_832002092_20191009_091234.SBN,14:21:20,43.934,22.122,149.6
13,BERES23JEB_832002092_20191009_091234.SBN,14:26:33,38.565,25.202,152.4
1,CARTE44MARTI_103200708_20191009_084830.SBN,11:03:00,30.418,31.952,155.2
2,CARTE44MARTI_103200708_20191009_084830.SBN,11:15:45,30.885,31.47,155.4
3,CARTE44MARTI_103200708_20191009_084830.SBN,11:20:28,32.888,29.553,156.4
4,CARTE44MARTI_103200708_20191009_084830.SBN,11:25:16,31.44,30.913,156
5,CARTE44MARTI_103200708_20191009_084830.SBN,11:34:18,30.955,31.398,158.6
6,CARTE44MARTI_103200708_20191009_084830.SBN,11:40:18,30.596,31.766,154.5
7,CARTE44MARTI_103200708_20191009_084830.SBN,11:46:45,31.932,30.438,156.7
8,CARTE44MARTI_103200708_20191009_084830.SBN,11:53:07,30.747,31.61,148.2
9,CARTE44MARTI_103200708_20191009_084830.SBN,11:58:15,31.264,31.088,156.4
10,CARTE44MARTI_103200708_20191009_084830.SBN,12:50:11,29.068,33.436,149.4
11,CARTE44MARTI_103200708_20191009_084830.SBN,12:55:53,27.625,35.182,153.4
12,CARTE44MARTI_103200708_20191009_084830.SBN,13:02:59,29.119,33.378,151
13,CARTE44MARTI_103200708_20191009_084830.SBN,13:14:32,31.232,31.119,150.7
14,CARTE44MARTI_103200708_20191009_084830.SBN,13:20:38,29.373,33.089,148.6
15,CARTE44MARTI_103200708_20191009_084830.SBN,13:37:07,31.5,30.855,152.4
16,CARTE44MARTI_103200708_20191009_084830.SBN,13:41:06,30.721,31.637,153
17,CARTE44MARTI_103200708_20191009_084830.SBN,13:45:23,32.397,30.001,148
1,CARTR18BOB_932000712_20191009_101218.SBN,12:21:04,33.452,29.054,149.6
2,CARTR18BOB_932000712_20191009_101218.SBN,12:28:40,37.7,25.781,151.2
3,CARTR18BOB_932000712_20191009_101218.SBN,12:38:39,34.219,28.403,152.3
4,CARTR18BOB_932000712_20191009_101218.SBN,12:49:30,32.361,30.034,152.4
5,CARTR18BOB_932000712_20191009_101218.SBN,12:57:33,34.436,28.224,154.5
6,CARTR18BOB_932000712_20191009_101218.SBN,13:04:27,35.354,27.491,153.6
7,CARTR18BOB_932000712_20191009_101218.SBN,13:13:37,36.258,26.805,153.7
8,CARTR18BOB_932000712_20191009_101218.SBN,13:21:11,33.956,28.623,151.7
9,CARTR18BOB_932000712_20191009_101218.SBN,13:28:52,36.777,26.427,153
10,CARTR18BOB_932000712_20191009_101218.SBN,13:33:47,34.947,27.811,152
11,CARTR18BOB_932000712_20191009_101218.SBN,13:40:46,34.038,28.554,152.4
12,CARTR18BOB_932000712_20191009_101218.SBN,13:49:30,36.714,26.473,151.4
13,CARTR18BOB_932000712_20191009_101218.SBN,13:54:21,36.191,26.856,147.5
14,CARTR18BOB_932000712_20191009_101218.SBN,14:34:34,34.982,27.783,150.8
15,CARTR18BOB_932000712_20191009_101218.SBN,14:48:03,35.542,27.346,151.6
16,CARTR18BOB_932000712_20191009_101218.SBN,14:54:40,32.679,29.742,142.3
17,CARTR18BOB_932000712_20191009_101218.SBN,15:00:52,35.211,27.603,148.9
18,CARTR18BOB_932000712_20191009_101218.SBN,15:06:55,34.39,28.262,147.8
1,CONNE2GARRY_133200827_20191009_102438.SBN,11:25:53,33.674,28.863,156.5
2,CONNE2GARRY_133200827_20191009_102438.SBN,11:30:36,31.388,30.965,154.4
3,CONNE2GARRY_133200827_20191009_102438.SBN,11:36:59,31.835,30.53,152.9
4,CONNE2GARRY_133200827_20191009_102438.SBN,11:45:17,31.326,31.026,152.7
5,CONNE2GARRY_133200827_20191009_102438.SBN,11:51:19,33.306,29.181,152.1
6,CONNE2GARRY_133200827_20191009_102438.SBN,12:02:04,30.148,32.238,151.7
7,CONNE2GARRY_133200827_20191009_102438.SBN,12:10:37,31.18,31.171,151.6
8,CONNE2GARRY_133200827_20191009_102438.SBN,12:17:35,31.143,31.208,150.1
9,CONNE2GARRY_133200827_20191009_102438.SBN,12:26:18,31.605,30.752,149.6
10,CONNE2GARRY_133200827_20191009_102438.SBN,12:37:35,30.784,31.573,148.6
11,CONNE2GARRY_133200827_20191009_102438.SBN,12:52:18,29.533,32.909,151.1
12,CONNE2GARRY_133200827_20191009_102438.SBN,12:59:57,31.047,31.304,151.5
13,CONNE2GARRY_133200827_20191009_102438.SBN,14:53:28,33.458,29.049,149.2
14,CONNE2GARRY_133200827_20191009_102438.SBN,15:02:23,32.842,29.594,147.4
15,CONNE2GARRY_133200827_20191009_102438.SBN,15:08:23,33.653,28.881,148.5
16,CONNE2GARRY_133200827_20191009_102438.SBN,15:14:39,33.073,29.387,146
17,CONNE2GARRY_133200827_20191009_102438.SBN,15:24:54,31.272,31.079,144.5
18,CONNE2GARRY_133200827_20191009_102438.SBN,15:29:29,34.734,27.982,155.2
19,CONNE2GARRY_133200827_20191009_102438.SBN,15:34:11,32.646,29.772,157.4
20,CONNE2GARRY_133200827_20191009_102438.SBN,15:42:30,34.572,28.113,159.7
1,CROSB25RICHA_932000574_20191009_094848.SBN,12:21:53,35.747,27.189,153
2,CROSB25RICHA_932000574_20191009_094848.SBN,12:31:32,35.695,27.229,151.3
3,CROSB25RICHA_932000574_20191009_094848.SBN,12:39:18,37.341,26.029,149.9
4,CROSB25RICHA_932000574_20191009_094848.SBN,12:45:16,36.894,26.344,151.1
5,CROSB25RICHA_932000574_20191009_094848.SBN,12:51:09,33.88,28.687,150.6
6,CROSB25RICHA_932000574_20191009_094848.SBN,13:04:43,33.22,29.257,154.3
7,CROSB25RICHA_932000574_20191009_094848.SBN,13:14:57,39.879,24.372,152.4
8,CROSB25RICHA_932000574_20191009_094848.SBN,14:17:24,35.005,27.765,151.6
9,CROSB25RICHA_932000574_20191009_094848.SBN,14:22:14,33.987,28.597,144
10,CROSB25RICHA_932000574_20191009_094848.SBN,14:34:41,32.722,29.703,150
11,CROSB25RICHA_932000574_20191009_094848.SBN,14:42:54,41.954,23.167,151.3
12,CROSB25RICHA_932000574_20191009_094848.SBN,14:52:42,35.171,27.634,150.5
13,CROSB25RICHA_932000574_20191009_094848.SBN,14:58:44,36.999,26.269,150
14,CROSB25RICHA_932000574_20191009_094848.SBN,15:05:59,34.124,28.482,149
15,CROSB25RICHA_932000574_20191009_094848.SBN,15:17:59,33.751,28.797,144.2
16,CROSB25RICHA_932000574_20191009_094848.SBN,15:36:45,38.996,24.924,159.7
17,CROSB25RICHA_932000574_20191009_094848.SBN,15:43:56,48.846,19.898,158.6
1,CROSS55JIM_133200501_20191009_102324.SBN,10:44:36,31.862,30.504,153
2,CROSS55JIM_133200501_20191009_102324.SBN,10:50:59,33.27,29.213,159.6
3,CROSS55JIM_133200501_20191009_102324.SBN,10:55:17,29.953,32.448,152.9
4,CROSS55JIM_133200501_20191009_102324.SBN,11:01:18,31.235,31.116,153.2
5,CROSS55JIM_133200501_20191009_102324.SBN,11:11:29,33.798,28.757,155.6
6,CROSS55JIM_133200501_20191009_102324.SBN,11:17:32,29.511,32.934,158
7,CROSS55JIM_133200501_20191009_102324.SBN,11:26:27,33.144,29.324,159.1
8,CROSS55JIM_133200501_20191009_102324.SBN,11:32:44,29.833,32.579,158
9,CROSS55JIM_133200501_20191009_102324.SBN,13:22:37,31.648,30.71,150.4
10,CROSS55JIM_133200501_20191009_102324.SBN,13:35:39,31.92,30.448,151.3
11,CROSS55JIM_133200501_20191009_102324.SBN,13:48:33,31.007,31.345,149.4
12,CROSS55JIM_133200501_20191009_102324.SBN,13:53:01,29.305,33.166,140.1
13,CROSS55JIM_133200501_20191009_102324.SBN,14:06:53,30.764,31.593,142
14,CROSS55JIM_133200501_20191009_102324.SBN,14:10:39,31.62,30.738,148.9
15,CROSS55JIM_133200501_20191009_102324.SBN,14:13:49,29.868,32.54,147.9
16,CROSS55JIM_133200501_20191009_102324.SBN,14:21:25,28.89,33.642,136.5
17,CROSS55JIM_133200501_20191009_102324.SBN,14:25:15,29.045,33.463,142.7
18,CROSS55JIM_133200501_20191009_102324.SBN,14:36:39,31.844,30.521,149.7
1,DANNY19CARTR_133200506_20191009_094830.SBN,12:20:01,33.096,29.366,150.7
2,DANNY19CARTR_133200506_20191009_094830.SBN,12:27:23,35.044,27.735,150.7
3,DANNY19CARTR_133200506_20191009_094830.SBN,12:34:47,33.09,29.372,149.9
4,DANNY19CARTR_133200506_20191009_094830.SBN,12:40:14,33.586,28.938,148.1
5,DANNY19CARTR_133200506_20191009_094830.SBN,12:48:58,32.945,29.501,144.6
6,DANNY19CARTR_133200506_20191009_094830.SBN,12:59:54,32.769,29.66,151.6
7,DANNY19CARTR_133200506_20191009_094830.SBN,13:12:30,37.404,25.984,150.7
8,DANNY19CARTR_133200506_20191009_094830.SBN,13:20:47,34.197,28.422,147.7
9,DANNY19CARTR_133200506_20191009_094830.SBN,13:28:07,35.821,27.133,151.5
10,DANNY19CARTR_133200506_20191009_094830.SBN,13:35:25,35.194,27.616,149.2
11,DANNY19CARTR_133200506_20191009_094830.SBN,13:41:46,35.768,27.173,149
12,DANNY19CARTR_133200506_20191009_094830.SBN,13:49:42,36.331,26.752,149.9
13,DANNY19CARTR_133200506_20191009_094830.SBN,13:56:12,35.453,27.415,146.9
14,DANNY19CARTR_133200506_20191009_094830.SBN,14:01:10,36.554,26.589,153.3
15,DANNY19CARTR_133200506_20191009_094830.SBN,15:04:28,34.442,28.219,150
16,DANNY19CARTR_133200506_20191009_094830.SBN,15:11:19,35.041,27.736,148.4
17,DANNY19CARTR_133200506_20191009_094830.SBN,15:19:01,33.805,28.75,143.8
18,DANNY19CARTR_133200506_20191009_094830.SBN,15:24:23,33.592,28.933,144.9
19,DANNY19CARTR_133200506_20191009_094830.SBN,15:33:22,39.696,24.484,149.7
20,DANNY19CARTR_133200506_20191009_094830.SBN,15:42:59,38.034,25.554,154.8
21,DANNY19CARTR_133200506_20191009_094830.SBN,15:51:29,39.215,24.784,153
1,DAVIS65STEVE_832000842_20191009_094700.SBN,10:40:44,31.263,31.088,153.2
2,DAVIS65STEVE_832000842_20191009_094700.SBN,10:48:21,32.378,30.018,155.1
3,DAVIS65STEVE_832000842_20191009_094700.SBN,10:55:50,31.722,30.638,155.3
4,DAVIS65STEVE_832000842_20191009_094700.SBN,11:02:34,33.397,29.102,156.5
5,DAVIS65STEVE_832000842_20191009_094700.SBN,11:07:57,32.656,29.762,154.9
6,DAVIS65STEVE_832000842_20191009_094700.SBN,11:18:20,31.549,30.807,156.3
7,DAVIS65STEVE_832000842_20191009_094700.SBN,11:25:54,33.557,28.964,155
8,DAVIS65STEVE_832000842_20191009_094700.SBN,11:33:21,34.92,27.833,154.5
9,DAVIS65STEVE_832000842_20191009_094700.SBN,11:39:18,35.369,27.479,154.6
10,DAVIS65STEVE_832000842_20191009_094700.SBN,13:15:23,33.776,28.776,148.9
11,DAVIS65STEVE_832000842_20191009_094700.SBN,13:20:03,35.268,27.559,149.1
12,DAVIS65STEVE_832000842_20191009_094700.SBN,13:25:58,34.359,28.287,148.6
13,DAVIS65STEVE_832000842_20191009_094700.SBN,13:35:01,35.734,27.199,151
14,DAVIS65STEVE_832000842_20191009_094700.SBN,13:42:39,33.751,28.797,148.7
15,DAVIS65STEVE_832000842_20191009_094700.SBN,13:47:30,35.24,27.58,152.7
1,DEAKI28NICK_932000570_20191009_095400.SBN,13:24:52,38.928,24.967,150.7
2,DEAKI28NICK_932000570_20191009_095400.SBN,13:34:52,38.304,25.374,149.9
3,DEAKI28NICK_932000570_20191009_095400.SBN,13:46:31,37.898,25.646,150.8
4,DEAKI28NICK_932000570_20191009_095400.SBN,13:55:02,35.482,27.392,147.7
5,DEAKI28NICK_932000570_20191009_095400.SBN,14:08:59,39.092,24.863,148.8
6,DEAKI28NICK_932000570_20191009_095400.SBN,14:18:21,37.26,26.085,152.3
7,DEAKI28NICK_932000570_20191009_095400.SBN,14:49:54,35.486,27.389,150.5
8,DEAKI28NICK_932000570_20191009_095400.SBN,14:58:16,35.614,27.291,148.1
9,DEAKI28NICK_932000570_20191009_095400.SBN,15:08:51,36.484,26.64,147.2
10,DEAKI28NICK_932000570_20191009_095400.SBN,15:19:49,35.382,27.469,149.6
11,DEAKI28NICK_932000570_20191009_095400.SBN,15:25:39,36.724,26.466,149.6
1,DEBR27JEAN_123201188_20191009_093918.SBN,10:58:18,37.127,26.178,153.6
2,DEBR27JEAN_123201188_20191009_093918.SBN,11:03:57,39.659,24.507,156.3
3,DEBR27JEAN_123201188_20191009_093918.SBN,11:10:21,38.818,25.038,153.3
4,DEBR27JEAN_123201188_20191009_093918.SBN,11:35:55,36.605,26.551,156.4
5,DEBR27JEAN_123201188_20191009_093918.SBN,11:43:44,35.986,27.008,153.6
6,DEBR27JEAN_123201188_20191009_093918.SBN,11:57:40,37.17,26.148,154.6
7,DEBR27JEAN_123201188_20191009_093918.SBN,12:01:45,36.467,26.652,154.2
8,DEBR27JEAN_123201188_20191009_093918.SBN,12:13:11,41.893,23.2,153
9,DEBR27JEAN_123201188_20191009_093918.SBN,12:47:37,35.503,27.376,151.9
10,DEBR27JEAN_123201188_20191009_093918.SBN,12:54:25,36.213,26.839,152.3
11,DEBR27JEAN_123201188_20191009_093918.SBN,13:00:21,36.427,26.681,153.1
12,DEBR27JEAN_123201188_20191009_093918.SBN,13:09:21,39.646,24.515,152.3
1,DRANE15TRIST_932000540_20191009_095018.sbp,11:44:07,33.374,29.122,152.5
2,DRANE15TRIST_932000540_20191009_095018.sbp,11:53:41,31.493,30.861,151.8
1,FULTO13GEORG_143200187_20191009_140124.SBN,14:10:51,36.076,26.941,151.1
2,FULTO13GEORG_143200187_20191009_140124.SBN,14:17:37,34.477,28.19,139.5
3,FULTO13GEORG_143200187_20191009_140124.SBN,14:24:03,33.661,28.874,142
4,FULTO13GEORG_143200187_20191009_140124.SBN,14:33:41,34.732,27.983,140.3
5,FULTO13GEORG_143200187_20191009_140124.SBN,14:39:40,37.485,25.929,146.7
6,FULTO13GEORG_143200187_20191009_140124.SBN,14:47:29,35.261,27.564,151.9
7,FULTO13GEORG_143200187_20191009_140124.SBN,14:55:10,33.945,28.633,142.1
8,FULTO13GEORG_143200187_20191009_140124.SBN,15:02:14,35.936,27.046,147.5
9,FULTO13GEORG_143200187_20191009_140124.SBN,15:11:20,35.05,27.729,149.2
10,FULTO13GEORG_143200187_20191009_140124.SBN,15:39:58,40.334,24.097,150.8
1,GEORG5MICHA_123201112_20191009_094830.SBN,10:57:04,32.133,30.247,148
2,GEORG5MICHA_123201112_20191009_094830.SBN,11:01:39,31.21,31.141,154.5
3,GEORG5MICHA_123201112_20191009_094830.SBN,11:06:18,33.459,29.048,150.9
4,GEORG5MICHA_123201112_20191009_094830.SBN,11:18:26,33.866,28.699,153.2
5,GEORG5MICHA_123201112_20191009_094830.SBN,11:23:18,32.107,30.271,149.7
6,GEORG5MICHA_123201112_20191009_094830.SBN,11:28:33,30.109,32.28,147.4
7,GEORG5MICHA_123201112_20191009_094830.SBN,11:33:49,32.282,30.107,149.2
8,GEORG5MICHA_123201112_20191009_094830.SBN,11:42:35,31.44,30.913,146.9
9,GEORG5MICHA_123201112_20191009_094830.SBN,11:50:04,31.797,30.566,146.2
10,GEORG5MICHA_123201112_20191009_094830.SBN,11:55:04,33.412,29.089,146.8
11,GEORG5MICHA_123201112_20191009_094830.SBN,12:00:08,32.798,29.634,150
12,GEORG5MICHA_123201112_20191009_094830.SBN,12:05:04,31.146,31.206,146.6
13,GEORG5MICHA_123201112_20191009_094830.SBN,12:11:29,31.725,30.636,146.2
14,GEORG5MICHA_123201112_20191009_094830.SBN,12:16:28,31.615,30.742,145
15,GEORG5MICHA_123201112_20191009_094830.SBN,12:21:24,31.886,30.481,144.7
16,GEORG5MICHA_123201112_20191009_094830.SBN,12:30:34,33.489,29.022,146
17,GEORG5MICHA_123201112_20191009_094830.SBN,13:37:52,32.585,29.827,146.5
18,GEORG5MICHA_123201112_20191009_094830.SBN,13:42:12,32.562,29.849,142.9
19,GEORG5MICHA_123201112_20191009_094830.SBN,13:46:51,33.32,29.169,142.3
20,GEORG5MICHA_123201112_20191009_094830.SBN,13:51:34,32.386,30.011,140.2
21,GEORG5MICHA_123201112_20191009_094830.SBN,14:07:29,31.766,30.597,140.5
22,GEORG5MICHA_123201112_20191009_094830.SBN,14:14:15,35.128,27.668,149.1
23,GEORG5MICHA_123201112_20191009_094830.SBN,14:23:15,31.866,30.5,135.9
24,GEORG5MICHA_123201112_20191009_094830.SBN,14:35:56,31.505,30.85,141.4
25,GEORG5MICHA_123201112_20191009_094830.SBN,14:50:10,32.015,30.358,135.2
26,GEORG5MICHA_123201112_20191009_094830.SBN,14:56:07,32.065,30.311,139.6
27,GEORG5MICHA_123201112_20191009_094830.SBN,15:02:50,32.225,30.16,137.2
28,GEORG5MICHA_123201112_20191009_094830.SBN,15:08:33,32.605,29.809,140.6
29,GEORG5MICHA_123201112_20191009_094830.SBN,15:16:29,31.621,30.736,135.6
30,GEORG5MICHA_123201112_20191009_094830.SBN,15:24:17,31.424,30.93,134
31,GEORG5MICHA_123201112_20191009_094830.SBN,15:40:08,33.474,29.035,152.9
32,GEORG5MICHA_123201112_20191009_094830.SBN,16:00:44,41.547,23.393,147.2
1,GREGO29SIMON_932000584_20191009_103616.SBN,12:06:16,48.807,19.914,181.9
2,GREGO29SIMON_932000584_20191009_103616.SBN,12:14:41,38.672,25.133,147
3,GREGO29SIMON_932000584_20191009_103616.SBN,12:24:30,43.635,22.274,149.7
4,GREGO29SIMON_932000584_20191009_103616.SBN,12:36:47,39.744,24.454,149.9
5,GREGO29SIMON_932000584_20191009_103616.SBN,12:55:14,34.339,28.303,148.3
6,GREGO29SIMON_932000584_20191009_103616.SBN,13:06:17,34.929,27.826,148.3
7,GREGO29SIMON_932000584_20191009_103616.SBN,13:48:29,37.779,25.727,151
8,GREGO29SIMON_932000584_20191009_103616.SBN,13:53:57,38.719,25.102,150.3
1,HILL70IAN_932000583_20191009_125534.SBN,13:16:13,34.37,28.278,151.5
2,HILL70IAN_932000583_20191009_125534.SBN,13:21:16,34.145,28.465,151.4
3,HILL70IAN_932000583_20191009_125534.SBN,13:26:52,34.27,28.361,151
4,HILL70IAN_932000583_20191009_125534.SBN,13:31:43,38.07,25.53,148.8
5,HILL70IAN_932000583_20191009_125534.SBN,13:36:35,33.484,29.026,149.3
6,HILL70IAN_932000583_20191009_125534.SBN,13:41:05,33.493,29.019,150.7
7,HILL70IAN_932000583_20191009_125534.SBN,13:45:13,34.692,28.016,149
8,HILL70IAN_932000583_20191009_125534.SBN,13:50:26,34.402,28.252,149.6
9,HILL70IAN_932000583_20191009_125534.SBN,13:55:46,33.947,28.631,147.5
10,HILL70IAN_932000583_20191009_125534.SBN,14:35:23,32.986,29.465,150.9
11,HILL70IAN_932000583_20191009_125534.SBN,14:42:22,33.593,28.932,150.7
12,HILL70IAN_932000583_20191009_125534.SBN,14:50:30,35.185,27.623,156.2
13,HILL70IAN_932000583_20191009_125534.SBN,14:55:02,34.535,28.143,150.4
14,HILL70IAN_932000583_20191009_125534.SBN,15:00:20,33.627,28.903,150.2
15,HILL70IAN_932000583_20191009_125534.SBN,15:06:09,32.522,29.885,146.5
16,HILL70IAN_932000583_20191009_125534.SBN,15:11:12,33.065,29.394,146.7
17,HILL70IAN_932000583_20191009_125534.SBN,15:15:10,34.301,28.335,145.9
18,HILL70IAN_932000583_20191009_125534.SBN,15:19:35,33.468,29.041,143.6
1,HITCH21ANGUS_123200065_20191009_092600.SBN,12:26:35,41.93,23.179,152.1
2,HITCH21ANGUS_123200065_20191009_092600.SBN,12:31:03,52.997,18.339,166
3,HITCH21ANGUS_123200065_20191009_092600.SBN,12:36:42,61.416,15.825,164.7
1,JOYCE64TOM_932000571_20191009_094930.SBN,13:39:52,36.037,26.97,152.9
2,JOYCE64TOM_932000571_20191009_094930.SBN,14:11:12,37.701,25.78,150.6
3,JOYCE64TOM_932000571_20191009_094930.SBN,14:49:53,36.275,26.793,151
1,JURET66NEVEN_932000585_20191009_095052.SBN,12:15:14,34.673,28.031,153.5
2,JURET66NEVEN_932000585_20191009_095052.SBN,12:22:03,35.836,27.121,153.2
3,JURET66NEVEN_932000585_20191009_095052.SBN,12:30:22,35.505,27.374,150.8
4,JURET66NEVEN_932000585_20191009_095052.SBN,12:39:05,33.358,29.136,148.9
5,JURET66NEVEN_932000585_20191009_095052.SBN,12:46:40,31.836,30.529,149.7
6,JURET66NEVEN_932000585_20191009_095052.SBN,12:55:23,32.239,30.147,152
7,JURET66NEVEN_932000585_20191009_095052.SBN,13:05:44,33.43,29.073,149.8
8,JURET66NEVEN_932000585_20191009_095052.SBN,13:15:24,34.012,28.576,151.8
9,JURET66NEVEN_932000585_20191009_095052.SBN,13:26:25,34.142,28.467,148.8
10,JURET66NEVEN_932000585_20191009_095052.SBN,13:33:27,34.353,28.293,150
11,JURET66NEVEN_932000585_20191009_095052.SBN,13:43:28,35.257,27.566,149.8
12,JURET66NEVEN_932000585_20191009_095052.SBN,13:52:33,34.934,27.821,148.5
13,JURET66NEVEN_932000585_20191009_095052.SBN,14:04:49,34.108,28.496,149.1
14,JURET66NEVEN_932000585_20191009_095052.SBN,15:03:58,32.77,29.659,147.4
15,JURET66NEVEN_932000585_20191009_095052.SBN,15:12:30,34.853,27.886,147.2
16,JURET66NEVEN_932000585_20191009_095052.SBN,15:21:14,36.187,26.858,147.6
17,JURET66NEVEN_932000585_20191009_095052.SBN,15:35:43,45.057,21.571,152.3
1,KEENA30HARRY_932000538_20191009_120024.SBN,13:31:25,47.219,20.583,152.6
2,KEENA30HARRY_932000538_20191009_120024.SBN,13:37:42,45.594,21.317,151.9
3,KEENA30HARRY_932000538_20191009_120024.SBN,13:43:40,46.595,20.859,152.4
1,LONGM42JAMES_113200508_20191009_101430.SBN,11:34:51,27.177,35.763,157.5
2,LONGM42JAMES_113200508_20191009_101430.SBN,11:41:36,26.535,36.628,153.6
3,LONGM42JAMES_113200508_20191009_101430.SBN,11:46:33,28.174,34.497,153.4
4,LONGM42JAMES_113200508_20191009_101430.SBN,12:07:01,27.468,35.384,151.9
5,LONGM42JAMES_113200508_20191009_101430.SBN,12:10:49,26.893,36.14,153.1
6,LONGM42JAMES_113200508_20191009_101430.SBN,12:18:48,28.199,34.467,152.8
7,LONGM42JAMES_113200508_20191009_101430.SBN,12:30:54,28.443,34.171,149.2
8,LONGM42JAMES_113200508_20191009_101430.SBN,12:38:32,27.227,35.697,151
9,LONGM42JAMES_113200508_20191009_101430.SBN,12:43:00,26.964,36.045,154.5
10,LONGM42JAMES_113200508_20191009_101430.SBN,12:48:27,30.851,31.503,149.8
11,LONGM42JAMES_113200508_20191009_101430.SBN,12:53:25,28.013,34.695,152.9
12,LONGM42JAMES_113200508_20191009_101430.SBN,12:58:19,26.698,36.404,156.2
13,LONGM42JAMES_113200508_20191009_101430.SBN,13:04:20,26.404,36.81,150.7
14,LONGM42JAMES_113200508_20191009_101430.SBN,13:13:45,27.731,35.049,146.4
15,LONGM42JAMES_113200508_20191009_101430.SBN,13:17:28,28.294,34.35,147.6
16,LONGM42JAMES_113200508_20191009_101430.SBN,13:26:49,27.988,34.726,151
17,LONGM42JAMES_113200508_20191009_101430.SBN,14:55:52,38.054,25.541,150.4
18,LONGM42JAMES_113200508_20191009_101430.SBN,14:59:51,28.578,34.01,143.5
19,LONGM42JAMES_113200508_20191009_101430.SBN,15:08:16,29.981,32.418,145.9
20,LONGM42JAMES_113200508_20191009_101430.SBN,15:15:11,32.627,29.789,150.3
21,LONGM42JAMES_113200508_20191009_101430.SBN,15:19:07,34.655,28.046,157.3
22,LONGM42JAMES_113200508_20191009_101430.SBN,15:23:26,34.994,27.774,152.6
23,LONGM42JAMES_113200508_20191009_101430.SBN,15:27:48,27.483,35.364,155.1
24,LONGM42JAMES_113200508_20191009_101430.SBN,15:32:03,28.705,33.859,157.1
25,LONGM42JAMES_113200508_20191009_101430.SBN,15:37:54,27.107,35.854,151.2
26,LONGM42JAMES_113200508_20191009_101430.SBN,15:43:26,27.935,34.792,154.4
27,LONGM42JAMES_113200508_20191009_101430.SBN,15:53:38,29.384,33.076,152.4
1,MERTE10TANIA_133201596_20191009_112100.SBN,11:47:37,60.727,16.005,177.7
2,MERTE10TANIA_133201596_20191009_112100.SBN,12:02:17,41.922,23.184,148.3
3,MERTE10TANIA_133201596_20191009_112100.SBN,12:16:10,42.796,22.711,150
4,MERTE10TANIA_133201596_20191009_112100.SBN,12:37:22,45.076,21.562,147.4
5,MERTE10TANIA_133201596_20191009_112100.SBN,12:57:24,42.563,22.835,140.6
6,MERTE10TANIA_133201596_20191009_112100.SBN,14:02:09,45.968,21.143,148.6
7,MERTE10TANIA_133201596_20191009_112100.SBN,14:14:55,46.238,21.02,145.4
8,MERTE10TANIA_133201596_20191009_112100.SBN,14:35:55,43.341,22.425,145.7
1,MORRI54PAUL_832000612_20191009_103954.SBN,10:56:51,33.997,28.589,153
2,MORRI54PAUL_832000612_20191009_103954.SBN,11:06:45,33.373,29.123,150.6
3,MORRI54PAUL_832000612_20191009_103954.SBN,11:18:01,32.959,29.489,155.9
4,MORRI54PAUL_832000612_20191009_103954.SBN,11:24:35,45.186,21.51,156.5
5,MORRI54PAUL_832000612_20191009_103954.SBN,11:30:39,32.479,29.924,153
6,MORRI54PAUL_832000612_20191009_103954.SBN,11:39:25,36.678,26.498,147.2
7,MORRI54PAUL_832000612_20191009_103954.SBN,11:43:34,33.322,29.168,152.5
8,MORRI54PAUL_832000612_20191009_103954.SBN,11:48:30,33.007,29.446,150.7
9,MORRI54PAUL_832000612_20191009_103954.SBN,11:54:02,33.849,28.714,149.1
10,MORRI54PAUL_832000612_20191009_103954.SBN,13:31:29,37.752,25.745,147
11,MORRI54PAUL_832000612_20191009_103954.SBN,13:51:56,35.228,27.589,144
12,MORRI54PAUL_832000612_20191009_103954.SBN,14:06:37,35.438,27.426,144.5
13,MORRI54PAUL_832000612_20191009_103954.SBN,14:22:34,34.142,28.467,141.1
14,MORRI54PAUL_832000612_20191009_103954.SBN,14:36:22,34.716,27.996,149.6
15,MORRI54PAUL_832000612_20191009_103954.SBN,14:42:31,36.319,26.761,146.5
16,MORRI54PAUL_832000612_20191009_103954.SBN,14:51:59,35.529,27.356,148.4
17,MORRI54PAUL_832000612_20191009_103954.SBN,14:58:01,34.368,28.28,143.2
18,MORRI54PAUL_832000612_20191009_103954.SBN,15:02:02,34.328,28.312,144.3
19,MORRI54PAUL_832000612_20191009_103954.SBN,15:06:31,34.959,27.802,141.8
20,MORRI54PAUL_832000612_20191009_103954.SBN,15:14:55,37.104,26.194,146
21,MORRI54PAUL_832000612_20191009_103954.SBN,15:19:19,35.827,27.129,145.4
22,MORRI54PAUL_832000612_20191009_103954.SBN,15:25:16,36.327,26.755,145.6
1,NEWMA7MARK_932000564_20191009_125800.SBN,13:15:17,38.792,25.055,175.7
2,NEWMA7MARK_932000564_20191009_125800.SBN,13:20:00,33.397,29.102,152.4
3,NEWMA7MARK_932000564_20191009_125800.SBN,13:26:31,33.741,28.805,151.1
4,NEWMA7MARK_932000564_20191009_125800.SBN,13:32:27,32.947,29.5,152
5,NEWMA7MARK_932000564_20191009_125800.SBN,13:37:02,32.604,29.81,150.1
6,NEWMA7MARK_932000564_20191009_125800.SBN,13:42:54,32.99,29.461,151.5
7,NEWMA7MARK_932000564_20191009_125800.SBN,13:47:50,32.369,30.027,151.3
8,NEWMA7MARK_932000564_20191009_125800.SBN,13:52:05,33.373,29.123,148.5
9,NEWMA7MARK_932000564_20191009_125800.SBN,13:57:09,34.054,28.54,149.7
10,NEWMA7MARK_932000564_20191009_125800.SBN,14:15:15,34.236,28.389,151.5
11,NEWMA7MARK_932000564_20191009_125800.SBN,14:19:38,34.031,28.559,146.7
12,NEWMA7MARK_932000564_20191009_125800.SBN,14:24:37,34.153,28.458,147.5
13,NEWMA7MARK_932000564_20191009_125800.SBN,14:42:40,32.057,30.319,149.2
14,NEWMA7MARK_932000564_20191009_125800.SBN,14:48:52,35.352,27.492,161.3
15,NEWMA7MARK_932000564_20191009_125800.SBN,14:53:28,32.906,29.536,147.7
16,NEWMA7MARK_932000564_20191009_125800.SBN,14:58:34,33.292,29.194,148.5
17,NEWMA7MARK_932000564_20191009_125800.SBN,15:05:16,32.392,30.005,146
18,NEWMA7MARK_932000564_20191009_125800.SBN,15:09:53,33.028,29.427,145.7
19,NEWMA7MARK_932000564_20191009_125800.SBN,15:13:56,35.4,27.455,150
20,NEWMA7MARK_932000564_20191009_125800.SBN,15:18:23,32.454,29.947,149.3
21,NEWMA7MARK_932000564_20191009_125800.SBN,15:26:29,30.74,31.617,148.3
22,NEWMA7MARK_932000564_20191009_125800.SBN,15:33:07,33.836,28.724,155.5
23,NEWMA7MARK_932000564_20191009_125800.SBN,15:40:20,33.373,29.123,153.4
1,NICHO56GAVIN_833001749_20191009_131158.SBN,14:07:35,47.483,20.469,165.4
2,NICHO56GAVIN_833001749_20191009_131158.SBN,14:11:07,48.621,19.99,157.1
3,NICHO56GAVIN_833001749_20191009_131158.SBN,15:01:26,53.248,18.253,159.8
4,NICHO56GAVIN_833001749_20191009_131158.SBN,15:05:16,56.499,17.203,162.4
5,NICHO56GAVIN_833001749_20191009_131158.SBN,15:52:22,48.46,20.056,161.7
6,NICHO56GAVIN_833001749_20191009_131158.SBN,15:56:51,48.621,19.99,162.4
1,OERNV50ROGER_133200018_20191009_111448.SBN,11:52:52,28.432,34.184,149.8
2,OERNV50ROGER_133200018_20191009_111448.SBN,12:00:16,30.908,31.446,154
3,OERNV50ROGER_133200018_20191009_111448.SBN,12:07:35,29.072,33.431,150.1
4,OERNV50ROGER_133200018_20191009_111448.SBN,12:14:02,31.464,30.89,153.8
5,OERNV50ROGER_133200018_20191009_111448.SBN,12:21:13,30.008,32.388,156.6
6,OERNV50ROGER_133200018_20191009_111448.SBN,12:29:29,30.794,31.562,153.9
7,OERNV50ROGER_133200018_20191009_111448.SBN,12:36:28,31.248,31.104,153.6
8,OERNV50ROGER_133200018_20191009_111448.SBN,12:44:59,30.064,32.329,154.1
9,OERNV50ROGER_133200018_20191009_111448.SBN,12:54:05,28.82,33.724,155.5
10,OERNV50ROGER_133200018_20191009_111448.SBN,13:05:22,28.627,33.951,155.1
11,OERNV50ROGER_133200018_20191009_111448.SBN,13:15:36,30.426,31.944,151.9
12,OERNV50ROGER_133200018_20191009_111448.SBN,13:23:42,30.897,31.457,154.8
1,OLIVE52JOHN_133200495_20191009_120348.SBN,12:25:42,34.627,28.068,145.6
2,OLIVE52JOHN_133200495_20191009_120348.SBN,12:31:09,33.777,28.775,144.5
3,OLIVE52JOHN_133200495_20191009_120348.SBN,12:36:03,34.125,28.481,143.9
4,OLIVE52JOHN_133200495_20191009_120348.SBN,12:41:06,32.992,29.459,143.8
5,OLIVE52JOHN_133200495_20191009_120348.SBN,13:05:13,31.127,31.225,148.3
6,OLIVE52JOHN_133200495_20191009_120348.SBN,13:09:55,35.865,27.1,146.7
7,OLIVE52JOHN_133200495_20191009_120348.SBN,13:13:57,34.387,28.264,145.5
8,OLIVE52JOHN_133200495_20191009_120348.SBN,13:19:22,34.734,27.982,147.6
9,OLIVE52JOHN_133200495_20191009_120348.SBN,13:23:40,33.948,28.629,146.3
10,OLIVE52JOHN_133200495_20191009_120348.SBN,13:33:17,32.617,29.798,146.6
11,OLIVE52JOHN_133200495_20191009_120348.SBN,14:16:44,32.614,29.8,140.8
12,OLIVE52JOHN_133200495_20191009_120348.SBN,14:21:52,32.418,29.981,135.7
13,OLIVE52JOHN_133200495_20191009_120348.SBN,14:25:38,35.163,27.641,145.4
14,OLIVE52JOHN_133200495_20191009_120348.SBN,14:35:52,32.023,30.35,143.1
15,OLIVE52JOHN_133200495_20191009_120348.SBN,14:41:37,34.138,28.471,148
16,OLIVE52JOHN_133200495_20191009_120348.SBN,14:46:58,30.942,31.411,148.9
17,OLIVE52JOHN_133200495_20191009_120348.SBN,14:51:21,32.332,30.06,143.6
18,OLIVE52JOHN_133200495_20191009_120348.SBN,15:16:15,32.358,30.036,138.7
19,OLIVE52JOHN_133200495_20191009_120348.SBN,15:20:26,34.863,27.878,144
20,OLIVE52JOHN_133200495_20191009_120348.SBN,15:31:53,40.696,23.882,152
21,OLIVE52JOHN_133200495_20191009_120348.SBN,15:47:59,50.798,19.133,146
1,PETTI45SIMON_133200837_20191009_104854.SBN,10:55:24,29.725,32.697,150
2,PETTI45SIMON_133200837_20191009_104854.SBN,11:00:48,30.215,32.167,151.2
3,PETTI45SIMON_133200837_20191009_104854.SBN,11:08:47,30.681,31.678,152.2
4,PETTI45SIMON_133200837_20191009_104854.SBN,11:15:54,31.535,30.821,155.9
5,PETTI45SIMON_133200837_20191009_104854.SBN,11:22:11,34.144,28.466,151.2
6,PETTI45SIMON_133200837_20191009_104854.SBN,11:37:41,30.902,31.452,156.5
7,PETTI45SIMON_133200837_20191009_104854.SBN,11:45:06,30.997,31.356,154.1
8,PETTI45SIMON_133200837_20191009_104854.SBN,11:48:56,29.821,32.592,150.6
9,PETTI45SIMON_133200837_20191009_104854.SBN,12:04:28,30.304,32.073,150.9
10,PETTI45SIMON_133200837_20191009_104854.SBN,12:12:30,32.403,29.995,154.3
11,PETTI45SIMON_133200837_20191009_104854.SBN,12:19:09,30.546,31.818,149.2
12,PETTI45SIMON_133200837_20191009_104854.SBN,12:26:14,31.443,30.911,146.5
13,PETTI45SIMON_133200837_20191009_104854.SBN,13:26:19,31.05,31.302,149.7
14,PETTI45SIMON_133200837_20191009_104854.SBN,13:30:02,30.171,32.213,147.2
15,PETTI45SIMON_133200837_20191009_104854.SBN,13:35:09,30.937,31.416,148.2
16,PETTI45SIMON_133200837_20191009_104854.SBN,13:42:56,31.137,31.214,147
17,PETTI45SIMON_133200837_20191009_104854.SBN,13:49:40,31.808,30.556,146.6
18,PETTI45SIMON_133200837_20191009_104854.SBN,13:53:42,32.662,29.757,146.9
19,PETTI45SIMON_133200837_20191009_104854.SBN,14:17:23,31.307,31.045,141.8
20,PETTI45SIMON_133200837_20191009_104854.SBN,14:20:39,32.261,30.127,142.8
21,PETTI45SIMON_133200837_20191009_104854.SBN,14:23:52,29.666,32.762,140.9
22,PETTI45SIMON_133200837_20191009_104854.SBN,14:35:34,28.857,33.681,143.5
23,PETTI45SIMON_133200837_20191009_104854.SBN,14:40:00,31.165,31.186,145.6
24,PETTI45SIMON_133200837_20191009_104854.SBN,14:47:35,28.953,33.569,141.6
25,PETTI45SIMON_133200837_20191009_104854.SBN,14:50:54,29.528,32.916,143.3
26,PETTI45SIMON_133200837_20191009_104854.SBN,14:56:54,29.232,33.249,142.1
27,PETTI45SIMON_133200837_20191009_104854.SBN,15:04:29,29.721,32.701,143.1
28,PETTI45SIMON_133200837_20191009_104854.SBN,15:18:43,29.719,32.703,143
29,PETTI45SIMON_133200837_20191009_104854.SBN,15:22:49,30.659,31.702,143.9
30,PETTI45SIMON_133200837_20191009_104854.SBN,15:34:35,36.504,26.625,154.1
31,PETTI45SIMON_133200837_20191009_104854.SBN,15:59:46,34.25,28.378,150.5
1,RUSSE63ROBIN_113200238_20191009_134924.SBN,14:04:35,35.517,27.365,145.5
2,RUSSE63ROBIN_113200238_20191009_134924.SBN,14:11:51,40.025,24.283,151.4
3,RUSSE63ROBIN_113200238_20191009_134924.SBN,14:20:46,38.129,25.49,142.8
4,RUSSE63ROBIN_113200238_20191009_134924.SBN,14:26:18,36.102,26.921,144.6
5,RUSSE63ROBIN_113200238_20191009_134924.SBN,14:38:50,37.034,26.244,146.3
6,RUSSE63ROBIN_113200238_20191009_134924.SBN,14:43:55,42.228,23.016,152.3
7,RUSSE63ROBIN_113200238_20191009_134924.SBN,14:52:00,34.484,28.185,147.6
8,RUSSE63ROBIN_113200238_20191009_134924.SBN,14:59:18,35.725,27.206,146.4
9,RUSSE63ROBIN_113200238_20191009_134924.SBN,15:09:27,35.351,27.493,143.5
10,RUSSE63ROBIN_113200238_20191009_134924.SBN,15:20:14,35.899,27.074,139.8
11,RUSSE63ROBIN_113200238_20191009_134924.SBN,15:55:51,42.313,22.97,161.2
1,SALVA60MARK_932000569_20191009_100120.SBN,12:56:39,38.878,24.999,158.7
2,SALVA60MARK_932000569_20191009_100120.SBN,13:06:30,39.805,24.417,154.2
3,SALVA60MARK_932000569_20191009_100120.SBN,13:16:57,44.332,21.924,153.3
4,SALVA60MARK_932000569_20191009_100120.SBN,13:27:17,50.134,19.386,149.1
5,SALVA60MARK_932000569_20191009_100120.SBN,13:39:34,40.442,24.032,151.6
1,SIBLE46PAUL_123200076_20191009_085854.SBN,10:24:59,32.249,30.138,159.8
2,SIBLE46PAUL_123200076_20191009_085854.SBN,10:33:46,32.776,29.653,158.7
3,SIBLE46PAUL_123200076_20191009_085854.SBN,10:39:38,31.391,30.961,149
4,SIBLE46PAUL_123200076_20191009_085854.SBN,10:53:39,32.882,29.558,159
5,SIBLE46PAUL_123200076_20191009_085854.SBN,10:58:32,34.054,28.54,155.2
6,SIBLE46PAUL_123200076_20191009_085854.SBN,11:09:17,35.696,27.228,160.2
7,SIBLE46PAUL_123200076_20191009_085854.SBN,11:14:53,33.73,28.815,157.2
8,SIBLE46PAUL_123200076_20191009_085854.SBN,11:24:30,34.66,28.042,160
9,SIBLE46PAUL_123200076_20191009_085854.SBN,11:31:21,30.734,31.624,150.5
10,SIBLE46PAUL_123200076_20191009_085854.SBN,11:56:22,47.735,20.361,180
11,SIBLE46PAUL_123200076_20191009_085854.SBN,12:01:34,31.759,30.603,151.9
12,SIBLE46PAUL_123200076_20191009_085854.SBN,12:09:20,31.012,31.341,150.5
13,SIBLE46PAUL_123200076_20191009_085854.SBN,12:20:06,31.75,30.612,145.6
14,SIBLE46PAUL_123200076_20191009_085854.SBN,12:29:21,31.602,30.756,145.5
15,SIBLE46PAUL_123200076_20191009_085854.SBN,13:39:43,33.811,28.746,146.6
16,SIBLE46PAUL_123200076_20191009_085854.SBN,13:47:29,32.172,30.21,142.2
17,SIBLE46PAUL_123200076_20191009_085854.SBN,13:54:24,34.378,28.272,143.6
18,SIBLE46PAUL_123200076_20191009_085854.SBN,14:04:31,35.542,27.346,133.9
1,SIBLE46PAUL_123200076_20191009_131430.SBN,15:00:47,33.125,29.341,145
2,SIBLE46PAUL_123200076_20191009_131430.SBN,15:23:48,31.438,30.916,146.4
3,SIBLE46PAUL_123200076_20191009_131430.SBN,15:36:24,35.37,27.479,158.2
4,SIBLE46PAUL_123200076_20191009_131430.SBN,15:59:49,37.641,25.821,151.8
1,STALL39SCOTT_832001487_20191009_101800.SBN,10:27:03,31.496,30.858,153.1
2,STALL39SCOTT_832001487_20191009_101800.SBN,10:30:50,30.593,31.769,152
3,STALL39SCOTT_832001487_20191009_101800.SBN,10:34:35,31.8,30.563,153
4,STALL39SCOTT_832001487_20191009_101800.SBN,10:38:52,31.476,30.878,152.6
5,STALL39SCOTT_832001487_20191009_101800.SBN,10:42:47,31.13,31.222,155.7
6,STALL39SCOTT_832001487_20191009_101800.SBN,10:46:14,30.761,31.596,158.3
7,STALL39SCOTT_832001487_20191009_101800.SBN,10:50:02,31.619,30.739,159.3
8,STALL39SCOTT_832001487_20191009_101800.SBN,10:53:26,29.699,32.726,158.1
9,STALL39SCOTT_832001487_20191009_101800.SBN,10:57:31,29.911,32.493,153.6
10,STALL39SCOTT_832001487_20191009_101800.SBN,11:01:36,31.086,31.265,156.1
11,STALL39SCOTT_832001487_20191009_101800.SBN,11:12:00,30.702,31.656,153.5
12,STALL39SCOTT_832001487_20191009_101800.SBN,11:16:13,29.76,32.658,155.9
13,STALL39SCOTT_832001487_20191009_101800.SBN,11:23:41,35.185,27.624,153
14,STALL39SCOTT_832001487_20191009_101800.SBN,11:46:56,32.352,30.042,156.2
15,STALL39SCOTT_832001487_20191009_101800.SBN,11:50:44,32.711,29.713,155.2
16,STALL39SCOTT_832001487_20191009_101800.SBN,11:54:33,33.649,28.884,152
17,STALL39SCOTT_832001487_20191009_101800.SBN,11:57:44,32.325,30.067,160.7
18,STALL39SCOTT_832001487_20191009_101800.SBN,12:01:16,31.873,30.493,152.8
19,STALL39SCOTT_832001487_20191009_101800.SBN,12:04:45,29.889,32.518,150.4
20,STALL39SCOTT_832001487_20191009_101800.SBN,12:09:03,29.404,33.054,149
21,STALL39SCOTT_832001487_20191009_101800.SBN,12:17:56,31.614,30.744,150.9
22,STALL39SCOTT_832001487_20191009_101800.SBN,12:21:41,31.57,30.786,150.4
23,STALL39SCOTT_832001487_20191009_101800.SBN,12:30:22,33.154,29.315,151.8
24,STALL39SCOTT_832001487_20191009_101800.SBN,12:33:33,35.959,27.028,151.3
25,STALL39SCOTT_832001487_20191009_101800.SBN,13:06:55,32.085,30.292,153.1
26,STALL39SCOTT_832001487_20191009_101800.SBN,13:10:10,33.942,28.635,147
27,STALL39SCOTT_832001487_20191009_101800.SBN,13:47:11,32.023,30.351,145.7
28,STALL39SCOTT_832001487_20191009_101800.SBN,13:51:07,32.227,30.159,150.6
29,STALL39SCOTT_832001487_20191009_101800.SBN,13:54:04,31.985,30.387,149.9
30,STALL39SCOTT_832001487_20191009_101800.SBN,13:59:43,31.059,31.293,147.3
31,STALL39SCOTT_832001487_20191009_101800.SBN,14:03:00,30.837,31.518,147.3
32,STALL39SCOTT_832001487_20191009_101800.SBN,14:06:20,31.609,30.748,147.7
33,STALL39SCOTT_832001487_20191009_101800.SBN,14:09:37,32.519,29.888,147.7
34,STALL39SCOTT_832001487_20191009_101800.SBN,14:12:56,31.196,31.155,145.2
35,STALL39SCOTT_832001487_20191009_101800.SBN,14:25:43,31.529,30.826,143.4
36,STALL39SCOTT_832001487_20191009_101800.SBN,14:35:59,29.219,33.263,143.2
37,STALL39SCOTT_832001487_20191009_101800.SBN,14:47:04,27.972,34.746,145.7
38,STALL39SCOTT_832001487_20191009_101800.SBN,14:50:48,30.289,32.088,144.8
39,STALL39SCOTT_832001487_20191009_101800.SBN,14:56:03,30.306,32.071,144.4
40,STALL39SCOTT_832001487_20191009_101800.SBN,15:01:19,30.295,32.082,144.4
41,STALL39SCOTT_832001487_20191009_101800.SBN,15:04:49,29.552,32.889,145
42,STALL39SCOTT_832001487_20191009_101800.SBN,15:17:01,31.588,30.769,145.4
43,STALL39SCOTT_832001487_20191009_101800.SBN,15:23:07,30.355,32.019,145.4
44,STALL39SCOTT_832001487_20191009_101800.SBN,15:35:08,32.084,30.293,159.1
45,STALL39SCOTT_832001487_20191009_101800.SBN,16:00:12,37.82,25.698,150.3
1,STRUD41DAVE_832004640_20191009_115618.SBN,13:45:43,34.55,28.131,146.4
2,STRUD41DAVE_832004640_20191009_115618.SBN,13:54:49,33.724,28.819,140.5
3,STRUD41DAVE_832004640_20191009_115618.SBN,14:08:14,36.022,26.981,141.1
4,STRUD41DAVE_832004640_20191009_115618.SBN,14:12:19,34.421,28.236,144
5,STRUD41DAVE_832004640_20191009_115618.SBN,14:19:04,34.325,28.315,143
6,STRUD41DAVE_832004640_20191009_115618.SBN,14:23:02,33.602,28.924,138.3
7,STRUD41DAVE_832004640_20191009_115618.SBN,14:35:56,32.514,29.893,145.7
8,STRUD41DAVE_832004640_20191009_115618.SBN,14:42:12,33.914,28.659,145
9,STRUD41DAVE_832004640_20191009_115618.SBN,14:53:19,35.269,27.557,143.7
10,STRUD41DAVE_832004640_20191009_115618.SBN,15:07:27,34.342,28.301,143.9
11,STRUD41DAVE_832004640_20191009_115618.SBN,15:17:46,34.21,28.41,143.1
12,STRUD41DAVE_832004640_20191009_115618.SBN,15:23:25,34.142,28.467,143.7
1,THOMP62NEIL_932000588_20191009_140054.SBN,14:08:30,41.605,23.361,145.8
2,THOMP62NEIL_932000588_20191009_140054.SBN,14:14:29,39.357,24.695,143.9
3,THOMP62NEIL_932000588_20191009_140054.SBN,14:19:47,39.124,24.842,143.3
4,THOMP62NEIL_932000588_20191009_140054.SBN,14:24:02,35.303,27.531,147.4
5,THOMP62NEIL_932000588_20191009_140054.SBN,14:52:12,40.605,23.936,148
6,THOMP62NEIL_932000588_20191009_140054.SBN,14:57:35,38.048,25.545,147.6
1,TROSS67WILL_133200819_20191009_105630.SBN,11:26:17,33.719,28.824,154
2,TROSS67WILL_133200819_20191009_105630.SBN,11:32:12,31.473,30.881,153.7
3,TROSS67WILL_133200819_20191009_105630.SBN,11:42:14,31.092,31.259,150.2
4,TROSS67WILL_133200819_20191009_105630.SBN,11:49:19,30.104,32.286,146.5
5,TROSS67WILL_133200819_20191009_105630.SBN,12:05:56,31.63,30.728,150
6,TROSS67WILL_133200819_20191009_105630.SBN,12:12:00,30.19,32.194,148.8
7,TROSS67WILL_133200819_20191009_105630.SBN,12:20:52,30.809,31.547,147.6
8,TROSS67WILL_133200819_20191009_105630.SBN,13:00:23,30.644,31.717,150.7
9,TROSS67WILL_133200819_20191009_105630.SBN,13:05:04,28.786,33.764,149.6
10,TROSS67WILL_133200819_20191009_105630.SBN,13:17:38,34.592,28.097,151.4
11,TROSS67WILL_133200819_20191009_105630.SBN,13:23:04,31.771,30.592,149
12,TROSS67WILL_133200819_20191009_105630.SBN,13:34:26,32.466,29.937,148.1
13,TROSS67WILL_133200819_20191009_105630.SBN,13:53:17,31.461,30.893,144.1
1,TRUBG69RICHA_832001510_20191009_102300.SBN,11:57:28,37.727,25.762,156.7
2,TRUBG69RICHA_832001510_20191009_102300.SBN,12:04:13,36.288,26.783,156.1
3,TRUBG69RICHA_832001510_20191009_102300.SBN,12:12:22,34.774,27.95,156.9
4,TRUBG69RICHA_832001510_20191009_102300.SBN,13:56:02,41.146,23.621,156.8
5,TRUBG69RICHA_832001510_20191009_102300.SBN,14:05:20,37.639,25.822,156.8
6,TRUBG69RICHA_832001510_20191009_102300.SBN,14:14:08,38.672,25.132,155.2
1,TWINN34ANDRE_932000572_20191009_095422.SBN,10:56:15,37.666,25.804,144.8
2,TWINN34ANDRE_932000572_20191009_095422.SBN,11:04:10,39.362,24.692,156.8
3,TWINN34ANDRE_932000572_20191009_095422.SBN,11:12:10,40.48,24.01,151.6
4,TWINN34ANDRE_932000572_20191009_095422.SBN,11:44:37,38.302,25.375,153.5
5,TWINN34ANDRE_932000572_20191009_095422.SBN,11:51:18,37.952,25.609,153.8
6,TWINN34ANDRE_932000572_20191009_095422.SBN,11:59:20,38.253,25.408,152.2
7,TWINN34ANDRE_932000572_20191009_095422.SBN,12:07:26,39.231,24.775,152.5
8,TWINN34ANDRE_932000572_20191009_095422.SBN,12:15:23,39.445,24.64,155.3
9,TWINN34ANDRE_932000572_20191009_095422.SBN,13:25:24,38.974,24.938,148.8
10,TWINN34ANDRE_932000572_20191009_095422.SBN,13:33:14,38.429,25.291,148.4
11,TWINN34ANDRE_932000572_20191009_095422.SBN,13:41:47,38.804,25.047,147.9
12,TWINN34ANDRE_932000572_20191009_095422.SBN,13:48:37,39.009,24.915,149.7
13,TWINN34ANDRE_932000572_20191009_095422.SBN,13:56:40,39.896,24.361,148.1
14,TWINN34ANDRE_932000572_20191009_095422.SBN,14:58:35,39.886,24.368,146.9
15,TWINN34ANDRE_932000572_20191009_095422.SBN,15:04:28,37.446,25.956,149.2
16,TWINN34ANDRE_932000572_20191009_095422.SBN,15:18:10,37.207,26.122,147.4
17,TWINN34ANDRE_932000572_20191009_095422.SBN,15:31:18,46.023,21.118,155
18,TWINN34ANDRE_932000572_20191009_095422.SBN,15:34:39,45.399,21.408,156.3
1,VANH11PATRI_832004341_20191009_112248.SBN,11:49:56,30.664,31.695,152
2,VANH11PATRI_832004341_20191009_112248.SBN,11:56:35,32.821,29.613,148.5
3,VANH11PATRI_832004341_20191009_112248.SBN,12:00:40,31.274,31.077,147.8
4,VANH11PATRI_832004341_20191009_112248.SBN,12:04:18,31.169,31.183,146
5,VANH11PATRI_832004341_20191009_112248.SBN,12:11:52,32.103,30.276,148.9
6,VANH11PATRI_832004341_20191009_112248.SBN,12:15:31,30.526,31.839,150.3
7,VANH11PATRI_832004341_20191009_112248.SBN,12:19:05,31.023,31.329,151.4
8,VANH11PATRI_832004341_20191009_112248.SBN,12:25:58,32.234,30.152,150.6
9,VANH11PATRI_832004341_20191009_112248.SBN,12:29:30,31.54,30.816,147.7
10,VANH11PATRI_832004341_20191009_112248.SBN,12:33:05,32.546,29.863,149
11,VANH11PATRI_832004341_20191009_112248.SBN,12:36:40,31.916,30.453,148.2
12,VANH11PATRI_832004341_20191009_112248.SBN,12:48:04,30.336,32.038,147
13,VANH11PATRI_832004341_20191009_112248.SBN,12:51:17,31.973,30.399,151
14,VANH11PATRI_832004341_20191009_112248.SBN,12:54:38,31.24,31.111,152.5
15,VANH11PATRI_832004341_20191009_112248.SBN,12:58:26,30.74,31.617,151.4
16,VANH11PATRI_832004341_20191009_112248.SBN,13:02:09,29.367,33.096,149.9
17,VANH11PATRI_832004341_20191009_112248.SBN,13:05:35,30.076,32.316,151.3
18,VANH11PATRI_832004341_20191009_112248.SBN,13:11:18,37.024,26.251,140
19,VANH11PATRI_832004341_20191009_112248.SBN,13:56:18,31.657,30.702,147.8
20,VANH11PATRI_832004341_20191009_112248.SBN,14:00:06,30.127,32.261,146.2
21,VANH11PATRI_832004341_20191009_112248.SBN,14:04:00,32.908,29.534,145.8
22,VANH11PATRI_832004341_20191009_112248.SBN,14:11:46,31.188,31.163,143.1
23,VANH11PATRI_832004341_20191009_112248.SBN,14:15:02,31.226,31.126,144.7
24,VANH11PATRI_832004341_20191009_112248.SBN,14:22:29,30.986,31.366,141.6
25,VANH11PATRI_832004341_20191009_112248.SBN,14:30:49,33.124,29.342,146
26,VANH11PATRI_832004341_20191009_112248.SBN,14:37:21,32.859,29.579,142.5
27,VANH11PATRI_832004341_20191009_112248.SBN,14:48:56,42.045,23.116,170.4
28,VANH11PATRI_832004341_20191009_112248.SBN,14:52:14,32.861,29.576,145.3
29,VANH11PATRI_832004341_20191009_112248.SBN,14:57:50,31.039,31.313,143.6
30,VANH11PATRI_832004341_20191009_112248.SBN,15:03:40,31.286,31.066,144.4
31,VANH11PATRI_832004341_20191009_112248.SBN,15:10:18,34.408,28.247,146.5
32,VANH11PATRI_832004341_20191009_112248.SBN,15:18:50,30.311,32.065,144
33,VANH11PATRI_832004341_20191009_112248.SBN,15:23:33,31.03,31.322,141.8
34,VANH11PATRI_832004341_20191009_112248.SBN,15:34:30,52.367,18.56,151.7
35,VANH11PATRI_832004341_20191009_112248.SBN,15:51:06,34.986,27.781,154.2
1,VANM53CLAUD_932000575_20191009_115730.SBN,12:36:29,39.204,24.791,149.1
2,VANM53CLAUD_932000575_20191009_115730.SBN,12:54:10,38.075,25.526,151.4
3,VANM53CLAUD_932000575_20191009_115730.SBN,13:51:26,40.294,24.121,152.5
4,VANM53CLAUD_932000575_20191009_115730.SBN,14:16:10,43.643,22.27,151.7
1,WALLI35ADRIA_932000562_20191009_095130.SBN,11:43:55,32.322,30.07,157.1
2,WALLI35ADRIA_932000562_20191009_095130.SBN,11:50:17,33.361,29.134,153
3,WALLI35ADRIA_932000562_20191009_095130.SBN,11:57:10,34.858,27.882,150.2
4,WALLI35ADRIA_932000562_20191009_095130.SBN,12:01:52,31.676,30.683,150.8
5,WALLI35ADRIA_932000562_20191009_095130.SBN,12:23:36,34.439,28.222,152.8
6,WALLI35ADRIA_932000562_20191009_095130.SBN,12:29:02,34.828,27.906,149.4
7,WALLI35ADRIA_932000562_20191009_095130.SBN,12:38:33,33.273,29.21,149.7
8,WALLI35ADRIA_932000562_20191009_095130.SBN,12:53:35,32.448,29.953,151.2
9,WALLI35ADRIA_932000562_20191009_095130.SBN,13:57:32,38.071,25.529,151
10,WALLI35ADRIA_932000562_20191009_095130.SBN,14:03:40,41.168,23.609,148.5
11,WALLI35ADRIA_932000562_20191009_095130.SBN,14:07:55,33.707,28.834,149.5
12,WALLI35ADRIA_932000562_20191009_095130.SBN,14:12:35,33.671,28.866,147.7
13,WALLI35ADRIA_932000562_20191009_095130.SBN,14:22:52,34.375,28.274,142.8
14,WALLI35ADRIA_932000562_20191009_095130.SBN,14:39:19,38.697,25.116,152.8
15,WALLI35ADRIA_932000562_20191009_095130.SBN,14:53:01,35.22,27.595,147.4
16,WALLI35ADRIA_932000562_20191009_095130.SBN,15:08:02,35.041,27.737,146.2
17,WALLI35ADRIA_932000562_20191009_095130.SBN,15:16:50,34.461,28.204,144.1
1,WATSO36STEVE_932000557_20191009_103528.SBN,12:54:23,35.249,27.573,153
2,WATSO36STEVE_932000557_20191009_103528.SBN,13:07:06,38.724,25.099,155
3,WATSO36STEVE_932000557_20191009_103528.SBN,13:22:17,36.777,26.427,153.4
4,WATSO36STEVE_932000557_20191009_103528.SBN,13:36:00,35.443,27.422,149.1
1,WHATF48TREVO_832004534_20191009_134724.SBN,14:23:46,35.56,27.332,147.7
2,WHATF48TREVO_832004534_20191009_134724.SBN,14:47:48,35.946,27.039,151.1
3,WHATF48TREVO_832004534_20191009_134724.SBN,14:54:05,36.668,26.506,149.7
4,WHATF48TREVO_832004534_20191009_134724.SBN,15:32:27,37.589,25.857,152.7
5,WHATF48TREVO_832004534_20191009_134724.SBN,15:41:36,42.165,23.05,153.6
1,WILLI37DAVID_932000560_20191009_104345.SBN,10:55:26,27.284,35.622,155.5
2,WILLI37DAVID_932000560_20191009_104345.SBN,11:02:06,27.899,34.837,156.7
3,WILLI37DAVID_932000560_20191009_104345.SBN,11:06:58,26.831,36.224,152.7
4,WILLI37DAVID_932000560_20191009_104345.SBN,11:14:24,27.639,35.165,153.4
5,WILLI37DAVID_932000560_20191009_104345.SBN,11:19:11,27.907,34.827,152.7
6,WILLI37DAVID_932000560_20191009_104345.SBN,12:30:08,29.726,32.696,153.5
7,WILLI37DAVID_932000560_20191009_104345.SBN,12:39:41,29.068,33.436,148.8
8,WILLI37DAVID_932000560_20191009_104345.SBN,12:44:06,27.826,34.929,151.2
9,WILLI37DAVID_932000560_20191009_104345.SBN,12:53:02,27.864,34.88,152.2
10,WILLI37DAVID_932000560_20191009_104345.SBN,12:57:52,28.982,33.535,155.9
11,WILLI37DAVID_932000560_20191009_104345.SBN,13:01:51,27.101,35.863,151
12,WILLI37DAVID_932000560_20191009_104345.SBN,13:13:08,30.886,31.468,156.1
1,WILLI37DAVID_932000560_20191009_133419.SBN,14:52:12,40.687,23.888,148.2
2,WILLI37DAVID_932000560_20191009_133419.SBN,14:57:36,38.219,25.431,147.9
3,WILLI37DAVID_932000560_20191009_133419.SBN,15:21:29,28.92,33.608,147
4,WILLI37DAVID_932000560_20191009_133419.SBN,15:26:02,27.983,34.732,146.7
5,WILLI37DAVID_932000560_20191009_133419.SBN,15:31:37,28.223,34.438,155.2
6,WILLI37DAVID_932000560_20191009_133419.SBN,15:36:08,28.529,34.068,155.6
7,WILLI37DAVID_932000560_20191009_133419.SBN,15:54:26,31.436,30.918,154.4
1,WISBE38BEN_932000179_20191009_094900.SBN,13:03:26,39.342,24.704,147.7
2,WISBE38BEN_932000179_20191009_094900.SBN,13:14:14,44.004,22.087,148.9
3,WISBE38BEN_932000179_20191009_094900.SBN,13:24:01,40.817,23.812,145.7
4,WISBE38BEN_932000179_20191009_094900.SBN,13:38:01,40.186,24.186,145.3
5,WISBE38BEN_932000179_20191009_094900.SBN,15:06:45,39.719,24.47,145.7
6,WISBE38BEN_932000179_20191009_094900.SBN,15:15:05,42.463,22.889,145.3
