1,ARN1033PAU_1033_20261009_094543.oao,09:48:57,37.267,26.080,149.4
2,ARN1033PAU_1033_20261009_094543.oao,10:02:27,34.137,28.472,150.7
3,ARN1033PAU_1033_20261009_094543.oao,10:13:45,35.905,27.069,154.4
4,ARN1033PAU_1033_20261009_094543.oao,11:30:43,37.658,25.809,153.3
5,ARN1033PAU_1033_20261009_094543.oao,11:45:51,36.423,26.684,146.9
1,BAR849SIM_849_20261009_095132.oao,10:19:44,40.985,23.714,156.6
2,BAR849SIM_849_20261009_095132.oao,10:34:01,44.263,21.958,161.5
1,BER826ARL_826_20261009_085539.oao,09:24:59,45.319,21.446,157.2
2,BER826ARL_826_20261009_085539.oao,09:39:39,51.150,19.002,159.3
3,BER826ARL_826_20261009_085539.oao,09:45:59,50.060,19.415,162.7
4,BER826ARL_826_20261009_085539.oao,09:58:47,49.535,19.621,151.1
5,BER826ARL_826_20261009_085539.oao,10:02:46,46.462,20.919,148.5
6,BER826ARL_826_20261009_085539.oao,10:06:36,47.246,20.571,154.5
7,BER826ARL_826_20261009_085539.oao,10:15:17,43.594,22.295,145.2
8,BER826ARL_826_20261009_085539.oao,10:26:12,47.906,20.288,168.8
9,BER826ARL_826_20261009_085539.oao,10:33:44,49.772,19.528,151.4
1,BER827FIN_827_20261009_085719.oao,09:15:43,56.674,17.149,155.2
2,BER827FIN_827_20261009_085719.oao,09:25:00,45.296,21.457,156.6
3,BER827FIN_827_20261009_085719.oao,09:46:58,50.911,19.091,153.1
4,BER827FIN_827_20261009_085719.oao,09:56:37,49.851,19.497,165.5
5,BER827FIN_827_20261009_085719.oao,10:02:37,45.624,21.303,145.3
6,BER827FIN_827_20261009_085719.oao,10:06:30,46.996,20.681,162.2
7,BER827FIN_827_20261009_085719.oao,10:13:49,44.828,21.681,150.1
8,BER827FIN_827_20261009_085719.oao,10:17:17,46.137,21.066,154.1
9,BER827FIN_827_20261009_085719.oao,10:25:59,48.365,20.095,168.8
10,BER827FIN_827_20261009_085719.oao,10:36:07,71.353,13.621,177.7
11,BER827FIN_827_20261009_085719.oao,11:29:54,80.498,12.074,183.6
12,BER827FIN_827_20261009_085719.oao,11:37:09,80.883,12.016,193.7
13,BER827FIN_827_20261009_085719.oao,11:45:41,49.622,19.587,165.2
14,BER827FIN_827_20261009_085719.oao,11:54:25,82.334,11.805,168.2
15,BER827FIN_827_20261009_085719.oao,12:17:02,52.543,18.498,165.8
16,BER827FIN_827_20261009_085719.oao,12:21:14,62.842,15.466,166.3
17,BER827FIN_827_20261009_085719.oao,12:32:20,88.507,10.981,179.3
18,BER827FIN_827_20261009_085719.oao,12:49:26,89.550,10.853,171.3
19,BER827FIN_827_20261009_085719.oao,12:53:33,88.660,10.962,172.1
1,BRA1020JAM_1020_20261009_094139.oao,09:25:33,32.305,30.086,146.4
2,BRA1020JAM_1020_20261009_094139.oao,09:35:24,31.867,30.499,148.8
3,BRA1020JAM_1020_20261009_094139.oao,09:50:29,40.048,24.269,154.5
4,BRA1020JAM_1020_20261009_094139.oao,10:07:14,33.679,28.859,151.7
5,BRA1020JAM_1020_20261009_094139.oao,10:21:24,32.679,29.741,150.4
6,BRA1020JAM_1020_20261009_094139.oao,10:52:33,33.235,29.244,149.0
7,BRA1020JAM_1020_20261009_094139.oao,11:03:58,33.410,29.091,150.5
1,BUK619MAC_619_20261009_092641.oao,11:28:05,32.810,29.623,144.0
2,BUK619MAC_619_20261009_092641.oao,11:37:14,34.245,28.381,148.6
3,BUK619MAC_619_20261009_092641.oao,11:50:03,37.769,25.733,151.1
4,BUK619MAC_619_20261009_092641.oao,12:01:54,34.797,27.931,150.8
5,BUK619MAC_619_20261009_092641.oao,12:15:44,35.114,27.679,147.5
6,BUK619MAC_619_20261009_092641.oao,12:26:09,36.814,26.401,149.7
7,BUK619MAC_619_20261009_092641.oao,13:58:55,36.063,26.951,146.7
8,BUK619MAC_619_20261009_092641.oao,14:05:09,33.867,28.698,149.0
9,BUK619MAC_619_20261009_092641.oao,14:10:53,34.598,28.092,150.4
10,BUK619MAC_619_20261009_092641.oao,14:16:52,37.474,25.936,151.5
1,BUR846EMI_846_20261009_094331.oao,09:40:05,35.731,27.201,155.3
2,BUR846EMI_846_20261009_094331.oao,09:43:53,34.558,28.125,152.8
3,BUR846EMI_846_20261009_094331.oao,09:47:52,32.959,29.488,151.5
4,BUR846EMI_846_20261009_094331.oao,09:51:31,34.299,28.336,152.8
5,BUR846EMI_846_20261009_094331.oao,09:58:09,31.727,30.634,150.6
6,BUR846EMI_846_20261009_094331.oao,10:01:22,30.693,31.666,154.0
7,BUR846EMI_846_20261009_094331.oao,10:04:43,32.317,30.074,153.4
8,BUR846EMI_846_20261009_094331.oao,10:08:06,30.993,31.360,153.6
9,BUR846EMI_846_20261009_094331.oao,10:11:43,31.525,30.830,155.1
10,BUR846EMI_846_20261009_094331.oao,10:15:32,32.490,29.915,155.8
11,BUR846EMI_846_20261009_094331.oao,10:24:30,32.737,29.689,153.2
12,BUR846EMI_846_20261009_094331.oao,10:28:28,30.398,31.973,154.3
13,BUR846EMI_846_20261009_094331.oao,10:32:12,30.709,31.650,155.4
14,BUR846EMI_846_20261009_094331.oao,10:35:43,30.503,31.863,153.5
15,BUR846EMI_846_20261009_094331.oao,10:39:01,31.494,30.861,155.2
16,BUR846EMI_846_20261009_094331.oao,10:42:18,30.846,31.509,154.0
17,BUR846EMI_846_20261009_094331.oao,10:46:03,32.021,30.353,154.8
18,BUR846EMI_846_20261009_094331.oao,10:49:44,33.158,29.311,154.5
19,BUR846EMI_846_20261009_094331.oao,10:53:17,32.913,29.530,153.7
20,BUR846EMI_846_20261009_094331.oao,10:56:31,33.159,29.311,153.9
21,BUR846EMI_846_20261009_094331.oao,11:03:55,32.575,29.837,154.4
22,BUR846EMI_846_20261009_094331.oao,11:39:05,34.800,27.928,154.2
23,BUR846EMI_846_20261009_094331.oao,11:42:02,34.567,28.117,152.1
24,BUR846EMI_846_20261009_094331.oao,11:45:02,33.627,28.903,151.8
25,BUR846EMI_846_20261009_094331.oao,11:48:01,33.046,29.411,151.9
26,BUR846EMI_846_20261009_094331.oao,11:51:04,37.077,26.213,153.1
27,BUR846EMI_846_20261009_094331.oao,11:54:24,38.345,25.347,155.2
28,BUR846EMI_846_20261009_094331.oao,11:57:43,33.152,29.318,155.3
29,BUR846EMI_846_20261009_094331.oao,12:03:23,32.413,29.986,154.0
30,BUR846EMI_846_20261009_094331.oao,12:07:09,35.126,27.670,155.1
31,BUR846EMI_846_20261009_094331.oao,12:11:01,33.314,29.175,154.3
32,BUR846EMI_846_20261009_094331.oao,12:14:42,32.891,29.550,151.7
33,BUR846EMI_846_20261009_094331.oao,12:18:28,35.247,27.575,154.1
34,BUR846EMI_846_20261009_094331.oao,12:22:15,33.854,28.709,153.6
35,BUR846EMI_846_20261009_094331.oao,12:27:31,32.868,29.571,152.6
36,BUR846EMI_846_20261009_094331.oao,12:31:16,33.943,28.634,152.9
37,BUR846EMI_846_20261009_094331.oao,12:34:44,33.290,29.196,154.7
38,BUR846EMI_846_20261009_094331.oao,12:38:13,33.333,29.158,154.3
39,BUR846EMI_846_20261009_094331.oao,12:41:41,34.958,27.802,154.4
40,BUR846EMI_846_20261009_094331.oao,12:44:59,33.013,29.440,153.4
41,BUR846EMI_846_20261009_094331.oao,12:49:07,34.148,28.462,152.1
42,BUR846EMI_846_20261009_094331.oao,12:52:40,31.986,30.386,154.6
43,BUR846EMI_846_20261009_094331.oao,12:55:57,35.705,27.221,154.4
44,BUR846EMI_846_20261009_094331.oao,12:59:47,33.513,29.001,156.5
45,BUR846EMI_846_20261009_094331.oao,13:02:40,33.604,28.923,154.6
46,BUR846EMI_846_20261009_094331.oao,13:06:20,32.939,29.507,151.3
47,BUR846EMI_846_20261009_094331.oao,13:09:58,32.763,29.665,152.4
48,BUR846EMI_846_20261009_094331.oao,13:13:07,33.369,29.126,152.1
49,BUR846EMI_846_20261009_094331.oao,13:19:32,31.848,30.518,155.1
50,BUR846EMI_846_20261009_094331.oao,13:22:34,32.755,29.673,155.2
51,BUR846EMI_846_20261009_094331.oao,13:25:25,32.404,29.994,152.2
52,BUR846EMI_846_20261009_094331.oao,13:28:10,32.278,30.111,152.3
53,BUR846EMI_846_20261009_094331.oao,13:32:51,33.714,28.829,152.7
54,BUR846EMI_846_20261009_094331.oao,13:36:03,32.636,29.780,152.6
1,CAM701SBA_701_20261009_092437.oao,09:42:43,38.636,25.156,149.4
2,CAM701SBA_701_20261009_092437.oao,09:47:40,39.612,24.536,150.9
3,CAM701SBA_701_20261009_092437.oao,09:51:07,39.148,24.827,151.3
4,CAM701SBA_701_20261009_092437.oao,09:53:56,38.937,24.961,149.6
5,CAM701SBA_701_20261009_092437.oao,09:57:54,38.073,25.528,141.8
6,CAM701SBA_701_20261009_092437.oao,10:01:51,36.070,26.945,149.5
7,CAM701SBA_701_20261009_092437.oao,10:05:45,37.124,26.181,146.0
8,CAM701SBA_701_20261009_092437.oao,10:09:28,36.559,26.585,150.0
9,CAM701SBA_701_20261009_092437.oao,10:12:38,37.195,26.131,150.9
10,CAM701SBA_701_20261009_092437.oao,10:16:02,37.255,26.088,149.5
11,CAM701SBA_701_20261009_092437.oao,10:19:00,38.148,25.478,149.2
12,CAM701SBA_701_20261009_092437.oao,10:24:15,37.957,25.606,147.5
13,CAM701SBA_701_20261009_092437.oao,10:27:47,37.018,26.256,148.4
14,CAM701SBA_701_20261009_092437.oao,10:31:10,36.372,26.721,148.2
15,CAM701SBA_701_20261009_092437.oao,10:36:40,38.367,25.332,147.6
16,CAM701SBA_701_20261009_092437.oao,10:42:00,37.703,25.778,148.3
17,CAM701SBA_701_20261009_092437.oao,10:45:45,37.707,25.776,154.0
18,CAM701SBA_701_20261009_092437.oao,10:54:44,40.507,23.994,153.1
19,CAM701SBA_701_20261009_092437.oao,10:58:56,41.473,23.435,153.5
20,CAM701SBA_701_20261009_092437.oao,11:02:31,40.919,23.752,151.3
21,CAM701SBA_701_20261009_092437.oao,11:07:06,39.092,24.863,148.9
22,CAM701SBA_701_20261009_092437.oao,11:13:23,38.796,25.052,153.7
23,CAM701SBA_701_20261009_092437.oao,11:16:44,39.314,24.722,152.4
24,CAM701SBA_701_20261009_092437.oao,11:21:56,41.042,23.681,150.9
25,CAM701SBA_701_20261009_092437.oao,11:25:49,42.125,23.072,152.4
26,CAM701SBA_701_20261009_092437.oao,11:32:12,40.125,24.222,153.0
27,CAM701SBA_701_20261009_092437.oao,11:37:29,47.533,20.447,154.7
1,CAR660MAR_660_20261009_121026.oao,11:52:34,34.842,27.895,151.0
2,CAR660MAR_660_20261009_121026.oao,11:56:23,31.190,31.162,146.3
3,CAR660MAR_660_20261009_121026.oao,12:01:10,31.058,31.294,151.6
4,CAR660MAR_660_20261009_121026.oao,12:05:34,31.868,30.499,153.0
5,CAR660MAR_660_20261009_121026.oao,12:11:45,31.192,31.159,149.6
6,CAR660MAR_660_20261009_121026.oao,12:24:03,31.836,30.529,149.6
7,CAR660MAR_660_20261009_121026.oao,12:27:51,31.416,30.938,149.3
8,CAR660MAR_660_20261009_121026.oao,12:33:15,30.744,31.613,150.1
9,CAR660MAR_660_20261009_121026.oao,12:39:14,32.351,30.043,147.5
10,CAR660MAR_660_20261009_121026.oao,12:43:05,31.911,30.458,147.5
11,CAR660MAR_660_20261009_121026.oao,12:47:00,31.774,30.589,146.4
12,CAR660MAR_660_20261009_121026.oao,13:51:13,31.840,30.525,151.0
13,CAR660MAR_660_20261009_121026.oao,13:54:21,31.391,30.962,147.0
14,CAR660MAR_660_20261009_121026.oao,13:57:24,31.513,30.842,150.3
15,CAR660MAR_660_20261009_121026.oao,14:02:17,30.795,31.561,148.1
16,CAR660MAR_660_20261009_121026.oao,14:06:12,31.738,30.623,145.1
17,CAR660MAR_660_20261009_121026.oao,14:10:59,32.537,29.871,150.8
18,CAR660MAR_660_20261009_121026.oao,14:14:33,32.230,30.155,148.9
19,CAR660MAR_660_20261009_121026.oao,14:20:03,41.358,23.500,147.5
1,CHI873DYL_873_20261009_094247.oao,09:21:11,44.977,21.609,150.5
2,CHI873DYL_873_20261009_094247.oao,09:35:40,44.142,22.018,151.7
3,CHI873DYL_873_20261009_094247.oao,09:46:48,44.905,21.644,151.6
4,CHI873DYL_873_20261009_094247.oao,10:09:36,48.972,19.846,161.0
5,CHI873DYL_873_20261009_094247.oao,10:45:16,45.694,21.270,156.1
6,CHI873DYL_873_20261009_094247.oao,12:38:54,47.219,20.583,152.2
1,COL611ANN_611_20261009_095011.oao,09:17:36,47.614,20.412,139.9
2,COL611ANN_611_20261009_095011.oao,09:37:08,44.602,21.791,138.8
3,COL611ANN_611_20261009_095011.oao,09:41:58,46.820,20.759,142.7
4,COL611ANN_611_20261009_095011.oao,09:58:53,45.295,21.458,145.0
5,COL611ANN_611_20261009_095011.oao,10:02:33,45.174,21.515,143.7
6,COL611ANN_611_20261009_095011.oao,10:09:45,46.295,20.994,145.5
7,COL611ANN_611_20261009_095011.oao,10:37:04,47.750,20.354,157.0
8,COL611ANN_611_20261009_095011.oao,10:42:01,46.736,20.796,150.5
1,COL639AND_639_20261009_095409.oao,09:25:31,48.339,20.106,143.0
2,COL639AND_639_20261009_095409.oao,09:37:30,39.139,24.832,136.3
3,COL639AND_639_20261009_095409.oao,09:45:27,39.138,24.833,137.5
4,COL639AND_639_20261009_095409.oao,09:57:39,40.024,24.283,135.9
5,COL639AND_639_20261009_095409.oao,10:14:58,39.485,24.615,138.6
6,COL639AND_639_20261009_095409.oao,11:08:43,40.535,23.977,138.8
7,COL639AND_639_20261009_095409.oao,11:16:19,39.932,24.340,137.8
8,COL639AND_639_20261009_095409.oao,12:12:09,42.827,22.694,134.8
9,COL639AND_639_20261009_095409.oao,12:18:32,43.258,22.468,142.2
10,COL639AND_639_20261009_095409.oao,12:27:58,41.266,23.553,139.0
1,CON821GAR_821_20261009_094339.oao,09:08:35,32.399,29.999,156.2
2,CON821GAR_821_20261009_094339.oao,09:16:32,32.972,29.477,153.2
3,CON821GAR_821_20261009_094339.oao,09:24:47,31.163,31.188,143.0
4,CON821GAR_821_20261009_094339.oao,09:31:00,31.000,31.353,146.1
5,CON821GAR_821_20261009_094339.oao,09:38:46,31.021,31.331,143.8
6,CON821GAR_821_20261009_094339.oao,09:45:09,36.046,26.964,151.7
7,CON821GAR_821_20261009_094339.oao,09:53:02,33.118,29.348,147.6
8,CON821GAR_821_20261009_094339.oao,10:12:49,31.703,30.657,149.7
9,CON821GAR_821_20261009_094339.oao,10:20:47,33.489,29.022,148.5
10,CON821GAR_821_20261009_094339.oao,10:31:46,31.920,30.449,154.1
11,CON821GAR_821_20261009_094339.oao,10:38:38,33.082,29.379,145.9
12,CON821GAR_821_20261009_094339.oao,10:47:41,33.214,29.262,149.6
13,CON821GAR_821_20261009_094339.oao,13:19:54,31.718,30.642,147.4
14,CON821GAR_821_20261009_094339.oao,13:40:12,31.420,30.933,147.7
15,CON821GAR_821_20261009_094339.oao,14:14:14,33.269,29.214,146.6
16,CON821GAR_821_20261009_094339.oao,14:29:43,32.856,29.582,144.8
1,CRO816JAC_816_20261009_094211.oao,09:01:35,34.343,28.301,145.5
2,CRO816JAC_816_20261009_094211.oao,09:07:15,34.377,28.272,147.0
3,CRO816JAC_816_20261009_094211.oao,09:12:40,33.500,29.013,139.6
4,CRO816JAC_816_20261009_094211.oao,09:17:09,35.017,27.756,148.4
5,CRO816JAC_816_20261009_094211.oao,09:25:26,33.999,28.587,143.3
6,CRO816JAC_816_20261009_094211.oao,09:30:29,33.500,29.013,142.8
7,CRO816JAC_816_20261009_094211.oao,09:37:55,34.073,28.524,144.7
8,CRO816JAC_816_20261009_094211.oao,09:56:08,34.851,27.888,146.9
9,CRO816JAC_816_20261009_094211.oao,10:03:52,34.530,28.147,148.3
10,CRO816JAC_816_20261009_094211.oao,10:08:52,34.702,28.007,148.4
11,CRO816JAC_816_20261009_094211.oao,10:17:05,34.555,28.127,148.8
12,CRO816JAC_816_20261009_094211.oao,10:33:47,47.275,20.559,156.3
1,CRO818GEO_818_20261009_094231.oao,09:01:19,35.286,27.544,143.4
2,CRO818GEO_818_20261009_094231.oao,09:08:31,34.873,27.871,149.4
3,CRO818GEO_818_20261009_094231.oao,09:14:53,34.514,28.160,145.8
4,CRO818GEO_818_20261009_094231.oao,09:29:42,34.031,28.560,143.2
5,CRO818GEO_818_20261009_094231.oao,09:40:10,34.443,28.219,145.4
6,CRO818GEO_818_20261009_094231.oao,09:53:20,34.956,27.804,143.6
7,CRO818GEO_818_20261009_094231.oao,10:03:20,34.945,27.813,143.2
8,CRO818GEO_818_20261009_094231.oao,10:10:48,33.852,28.711,146.8
9,CRO818GEO_818_20261009_094231.oao,12:20:29,34.651,28.049,151.3
1,CRO824RIC_824_20261009_094241.oao,09:05:48,35.622,27.285,156.5
2,CRO824RIC_824_20261009_094241.oao,09:13:28,35.242,27.578,159.8
3,CRO824RIC_824_20261009_094241.oao,09:26:28,33.884,28.684,153.3
4,CRO824RIC_824_20261009_094241.oao,09:36:14,34.754,27.966,154.0
5,CRO824RIC_824_20261009_094241.oao,09:55:04,37.507,25.913,154.4
6,CRO824RIC_824_20261009_094241.oao,10:03:59,34.936,27.820,152.6
7,CRO824RIC_824_20261009_094241.oao,10:28:24,34.941,27.816,160.9
8,CRO824RIC_824_20261009_094241.oao,10:36:24,33.850,28.712,152.4
9,CRO824RIC_824_20261009_094241.oao,10:43:23,33.425,29.078,155.0
10,CRO824RIC_824_20261009_094241.oao,10:51:56,34.053,28.541,153.6
11,CRO824RIC_824_20261009_094241.oao,11:00:10,33.839,28.722,153.1
12,CRO824RIC_824_20261009_094241.oao,11:07:14,32.861,29.577,152.4
13,CRO824RIC_824_20261009_094241.oao,11:14:04,33.431,29.072,152.6
1,CRO836JIM_836_20261009_094249.oao,10:07:51,28.864,33.672,147.9
2,CRO836JIM_836_20261009_094249.oao,10:13:03,29.286,33.187,150.6
3,CRO836JIM_836_20261009_094249.oao,10:20:00,28.934,33.591,146.5
4,CRO836JIM_836_20261009_094249.oao,10:25:13,30.563,31.801,151.8
5,CRO836JIM_836_20261009_094249.oao,10:33:13,29.464,32.987,156.8
6,CRO836JIM_836_20261009_094249.oao,10:40:17,28.669,33.902,145.7
7,CRO836JIM_836_20261009_094249.oao,10:47:56,30.010,32.386,156.0
8,CRO836JIM_836_20261009_094249.oao,10:56:02,29.891,32.516,146.1
9,CRO836JIM_836_20261009_094249.oao,12:33:23,28.557,34.035,149.5
10,CRO836JIM_836_20261009_094249.oao,12:39:03,28.977,33.541,152.0
11,CRO836JIM_836_20261009_094249.oao,12:46:47,28.545,34.048,144.2
12,CRO836JIM_836_20261009_094249.oao,12:54:07,28.284,34.364,144.2
13,CRO836JIM_836_20261009_094249.oao,13:01:21,29.157,33.334,145.5
14,CRO836JIM_836_20261009_094249.oao,13:11:25,28.441,34.173,146.4
15,CRO836JIM_836_20261009_094249.oao,13:18:53,29.102,33.397,148.8
16,CRO836JIM_836_20261009_094249.oao,13:26:21,27.724,35.057,148.1
17,CRO836JIM_836_20261009_094249.oao,13:36:34,28.225,34.435,146.8
18,CRO836JIM_836_20261009_094249.oao,13:46:37,28.433,34.183,143.9
19,CRO836JIM_836_20261009_094249.oao,13:55:58,29.145,33.347,144.9
20,CRO836JIM_836_20261009_094249.oao,14:04:37,29.263,33.214,147.5
21,CRO836JIM_836_20261009_094249.oao,14:13:14,28.997,33.518,145.5
22,CRO836JIM_836_20261009_094249.oao,14:21:11,29.989,32.409,149.8
1,CRO952PET_952_20261009_094241.oao,09:32:20,38.464,25.268,161.3
2,CRO952PET_952_20261009_094241.oao,09:40:06,36.149,26.887,153.9
3,CRO952PET_952_20261009_094241.oao,09:59:40,35.871,27.095,150.9
4,CRO952PET_952_20261009_094241.oao,10:38:42,35.403,27.453,151.8
5,CRO952PET_952_20261009_094241.oao,10:44:50,35.681,27.239,158.0
6,CRO952PET_952_20261009_094241.oao,10:53:22,35.266,27.559,153.4
7,CRO952PET_952_20261009_094241.oao,10:59:57,34.442,28.219,155.1
8,CRO952PET_952_20261009_094241.oao,11:07:08,33.406,29.094,150.0
9,CRO952PET_952_20261009_094241.oao,11:12:34,32.690,29.731,150.0
10,CRO952PET_952_20261009_094241.oao,11:22:13,34.517,28.158,151.4
11,CRO952PET_952_20261009_094241.oao,11:29:47,33.199,29.276,148.5
12,CRO952PET_952_20261009_094241.oao,11:36:30,34.712,28.000,145.8
13,CRO952PET_952_20261009_094241.oao,11:44:53,35.465,27.405,154.4
1,DAF853CHR_853_20261009_085105.oao,09:53:03,136.070, 7.143,151.3
2,DAF853CHR_853_20261009_085105.oao,10:48:25,63.960,15.196,151.1
1,DEB802JEA_802_20261009_090637.oao,09:08:24,35.778,27.165,153.2
2,DEB802JEA_802_20261009_090637.oao,09:17:42,36.004,26.995,146.3
3,DEB802JEA_802_20261009_090637.oao,09:30:39,34.559,28.124,147.7
4,DEB802JEA_802_20261009_090637.oao,09:38:52,33.097,29.366,147.1
5,DEB802JEA_802_20261009_090637.oao,09:50:43,34.819,27.913,146.9
6,DEB802JEA_802_20261009_090637.oao,09:58:43,33.561,28.960,148.6
7,DEB802JEA_802_20261009_090637.oao,10:07:43,34.959,27.802,152.3
8,DEB802JEA_802_20261009_090637.oao,10:34:06,35.826,27.129,162.5
9,DEB802JEA_802_20261009_090637.oao,11:18:33,35.695,27.229,149.5
10,DEB802JEA_802_20261009_090637.oao,11:25:44,36.671,26.504,151.5
1,DEM601OSC_601_20261009_112833.oao,10:53:08,54.260,17.912,179.0
2,DEM601OSC_601_20261009_112833.oao,10:59:45,44.052,22.063,179.6
3,DEM601OSC_601_20261009_112833.oao,11:07:05,43.299,22.447,174.4
4,DEM601OSC_601_20261009_112833.oao,11:48:11,45.333,21.439,179.5
5,DEM601OSC_601_20261009_112833.oao,11:52:03,43.522,22.332,167.1
6,DEM601OSC_601_20261009_112833.oao,12:02:42,44.085,22.046,170.8
7,DEM601OSC_601_20261009_112833.oao,12:14:37,44.569,21.807,160.8
1,DIC940ROD_940_20261009_094249.oao,09:37:57,57.981,16.763,153.6
2,DIC940ROD_940_20261009_094249.oao,09:56:51,53.082,18.310,157.2
3,DIC940ROD_940_20261009_094249.oao,10:01:51,58.279,16.677,165.2
4,DIC940ROD_940_20261009_094249.oao,10:05:56,49.592,19.599,166.7
5,DIC940ROD_940_20261009_094249.oao,10:10:56,48.345,20.104,148.4
6,DIC940ROD_940_20261009_094249.oao,10:28:44,47.615,20.412,154.4
7,DIC940ROD_940_20261009_094249.oao,10:33:00,49.009,19.832,154.2
8,DIC940ROD_940_20261009_094249.oao,10:37:59,56.899,17.081,166.4
9,DIC940ROD_940_20261009_094249.oao,12:30:33,78.832,12.329,164.3
1,DIC998FIN_998_20261009_085739.oao,09:20:26,37.645,25.818,148.2
2,DIC998FIN_998_20261009_085739.oao,09:29:48,36.793,26.416,149.3
3,DIC998FIN_998_20261009_085739.oao,09:39:28,38.174,25.460,149.2
4,DIC998FIN_998_20261009_085739.oao,09:50:57,39.934,24.338,151.1
5,DIC998FIN_998_20261009_085739.oao,09:59:29,36.446,26.668,146.9
6,DIC998FIN_998_20261009_085739.oao,10:07:08,40.230,24.159,152.8
7,DIC998FIN_998_20261009_085739.oao,10:16:24,38.449,25.278,152.9
8,DIC998FIN_998_20261009_085739.oao,10:23:56,42.058,23.109,154.3
9,DIC998FIN_998_20261009_085739.oao,10:48:24,41.031,23.688,151.2
1,DIN812JAM_812_20261009_094221.oao,09:31:22,31.474,30.880,152.6
2,DIN812JAM_812_20261009_094221.oao,09:38:59,37.563,25.875,152.2
3,DIN812JAM_812_20261009_094221.oao,09:47:55,31.491,30.863,150.8
4,DIN812JAM_812_20261009_094221.oao,09:54:21,32.748,29.679,149.8
5,DIN812JAM_812_20261009_094221.oao,10:01:32,30.329,32.046,152.0
6,DIN812JAM_812_20261009_094221.oao,10:10:11,31.958,30.412,156.2
7,DIN812JAM_812_20261009_094221.oao,10:18:17,30.111,32.278,154.8
8,DIN812JAM_812_20261009_094221.oao,10:43:32,31.474,30.880,153.8
9,DIN812JAM_812_20261009_094221.oao,10:50:11,30.894,31.460,154.3
10,DIN812JAM_812_20261009_094221.oao,10:57:50,31.288,31.064,151.5
11,DIN812JAM_812_20261009_094221.oao,11:13:03,30.841,31.514,150.9
12,DIN812JAM_812_20261009_094221.oao,11:18:12,31.325,31.027,149.9
13,DIN812JAM_812_20261009_094221.oao,11:26:51,32.850,29.587,145.3
14,DIN812JAM_812_20261009_094221.oao,12:44:42,37.349,26.023,159.3
15,DIN812JAM_812_20261009_094221.oao,12:53:35,31.381,30.972,148.8
16,DIN812JAM_812_20261009_094221.oao,12:59:43,31.766,30.596,150.2
17,DIN812JAM_812_20261009_094221.oao,13:06:25,29.996,32.402,143.8
18,DIN812JAM_812_20261009_094221.oao,13:12:31,35.229,27.589,151.5
19,DIN812JAM_812_20261009_094221.oao,13:20:19,30.916,31.437,146.3
20,DIN812JAM_812_20261009_094221.oao,13:29:43,30.488,31.879,147.4
21,DIN812JAM_812_20261009_094221.oao,13:36:59,30.127,32.261,147.8
22,DIN812JAM_812_20261009_094221.oao,13:45:19,30.915,31.439,147.2
23,DIN812JAM_812_20261009_094221.oao,13:53:12,34.255,28.373,150.3
24,DIN812JAM_812_20261009_094221.oao,14:00:18,31.558,30.798,147.8
25,DIN812JAM_812_20261009_094221.oao,14:07:52,32.815,29.618,147.7
26,DIN812JAM_812_20261009_094221.oao,14:15:11,32.583,29.829,147.8
1,DUD978RIC_978_20261009_094549.oao,10:09:21,36.141,26.892,156.2
2,DUD978RIC_978_20261009_094549.oao,10:24:35,36.404,26.698,156.3
3,DUD978RIC_978_20261009_094549.oao,10:33:12,35.534,27.352,159.0
4,DUD978RIC_978_20261009_094549.oao,10:52:24,36.393,26.706,157.1
5,DUD978RIC_978_20261009_094549.oao,11:01:02,36.693,26.488,152.6
1,DVO854PAV_854_20261009_094742.oao,09:53:31,37.060,26.226,151.1
2,DVO854PAV_854_20261009_094742.oao,09:59:32,35.635,27.274,149.4
3,DVO854PAV_854_20261009_094742.oao,10:05:37,36.054,26.958,153.5
4,DVO854PAV_854_20261009_094742.oao,10:11:49,35.118,27.676,157.3
5,DVO854PAV_854_20261009_094742.oao,10:18:41,34.911,27.840,156.4
6,DVO854PAV_854_20261009_094742.oao,10:24:04,36.106,26.918,155.5
7,DVO854PAV_854_20261009_094742.oao,10:29:31,33.768,28.783,155.3
8,DVO854PAV_854_20261009_094742.oao,10:35:02,35.172,27.634,158.9
9,DVO854PAV_854_20261009_094742.oao,10:44:23,34.609,28.083,156.0
10,DVO854PAV_854_20261009_094742.oao,10:53:40,36.071,26.945,154.9
11,DVO854PAV_854_20261009_094742.oao,10:59:04,35.099,27.691,149.7
12,DVO854PAV_854_20261009_094742.oao,11:04:44,35.167,27.637,152.1
13,DVO854PAV_854_20261009_094742.oao,11:13:40,35.080,27.706,152.5
14,DVO854PAV_854_20261009_094742.oao,11:19:15,36.059,26.954,153.3
15,DVO854PAV_854_20261009_094742.oao,11:27:39,37.602,25.847,153.1
16,DVO854PAV_854_20261009_094742.oao,11:35:41,36.920,26.325,153.3
17,DVO854PAV_854_20261009_094742.oao,13:05:58,37.792,25.718,152.8
18,DVO854PAV_854_20261009_094742.oao,13:16:52,36.615,26.544,150.0
19,DVO854PAV_854_20261009_094742.oao,13:24:33,35.377,27.473,150.5
20,DVO854PAV_854_20261009_094742.oao,13:34:03,36.878,26.355,154.2
21,DVO854PAV_854_20261009_094742.oao,13:44:47,35.070,27.714,150.5
22,DVO854PAV_854_20261009_094742.oao,13:54:10,36.021,26.982,153.3
23,DVO854PAV_854_20261009_094742.oao,14:04:01,43.851,22.164,149.5
24,DVO854PAV_854_20261009_094742.oao,14:12:52,36.447,26.667,150.8
25,DVO854PAV_854_20261009_094742.oao,14:24:36,35.566,27.327,146.2
1,EIF662AYA_662_20261009_095209.oao,10:28:07,37.770,25.732,144.5
2,EIF662AYA_662_20261009_095209.oao,10:40:40,39.039,24.896,154.2
3,EIF662AYA_662_20261009_095209.oao,11:04:19,37.825,25.695,144.6
4,EIF662AYA_662_20261009_095209.oao,11:17:41,37.757,25.742,148.1
5,EIF662AYA_662_20261009_095209.oao,11:32:27,38.136,25.485,147.0
6,EIF662AYA_662_20261009_095209.oao,11:37:42,38.957,24.948,140.5
7,EIF662AYA_662_20261009_095209.oao,11:47:30,37.263,26.083,147.9
8,EIF662AYA_662_20261009_095209.oao,11:58:26,38.038,25.551,143.3
9,EIF662AYA_662_20261009_095209.oao,12:05:51,38.110,25.503,140.1
10,EIF662AYA_662_20261009_095209.oao,12:12:29,36.378,26.717,148.2
11,EIF662AYA_662_20261009_095209.oao,12:16:32,38.019,25.564,142.1
12,EIF662AYA_662_20261009_095209.oao,12:26:48,37.897,25.646,138.9
13,EIF662AYA_662_20261009_095209.oao,12:32:22,38.157,25.471,134.1
14,EIF662AYA_662_20261009_095209.oao,12:50:49,90.778,10.707,163.4
15,EIF662AYA_662_20261009_095209.oao,12:56:18,85.195,11.408,163.1
16,EIF662AYA_662_20261009_095209.oao,13:04:09,39.535,24.584,150.3
17,EIF662AYA_662_20261009_095209.oao,13:07:43,38.408,25.305,141.6
18,EIF662AYA_662_20261009_095209.oao,13:16:03,37.829,25.693,135.7
1,FUL623GEO_623_20261009_111351.oao,10:26:21,38.310,25.370,152.6
2,FUL623GEO_623_20261009_111351.oao,10:38:15,39.215,24.785,158.5
3,FUL623GEO_623_20261009_111351.oao,10:53:15,39.685,24.491,153.0
1,GEO871MIC_871_20261009_094139.oao,09:13:31,31.092,31.259,146.9
2,GEO871MIC_871_20261009_094139.oao,09:17:50,32.484,29.920,144.7
3,GEO871MIC_871_20261009_094139.oao,09:23:19,31.173,31.178,143.1
4,GEO871MIC_871_20261009_094139.oao,09:31:21,31.146,31.205,143.0
5,GEO871MIC_871_20261009_094139.oao,09:37:00,30.204,32.178,143.3
6,GEO871MIC_871_20261009_094139.oao,09:45:38,34.433,28.226,146.5
7,GEO871MIC_871_20261009_094139.oao,09:59:04,30.207,32.175,143.0
8,GEO871MIC_871_20261009_094139.oao,10:04:12,31.363,30.989,146.6
9,GEO871MIC_871_20261009_094139.oao,10:12:15,30.624,31.737,144.7
10,GEO871MIC_871_20261009_094139.oao,10:18:54,32.865,29.573,145.7
11,GEO871MIC_871_20261009_094139.oao,11:09:20,30.753,31.604,141.7
12,GEO871MIC_871_20261009_094139.oao,11:20:42,30.117,32.272,139.6
13,GEO871MIC_871_20261009_094139.oao,11:29:40,30.013,32.384,141.5
14,GEO871MIC_871_20261009_094139.oao,13:04:39,31.362,30.991,139.5
15,GEO871MIC_871_20261009_094139.oao,13:11:07,32.268,30.120,141.1
16,GEO871MIC_871_20261009_094139.oao,13:26:30,32.323,30.069,141.3
17,GEO871MIC_871_20261009_094139.oao,13:38:52,31.811,30.554,141.5
18,GEO871MIC_871_20261009_094139.oao,14:00:38,32.436,29.964,140.5
19,GEO871MIC_871_20261009_094139.oao,14:30:17,33.605,28.922,142.7
1,GIB935JEN_935_20261009_094331.oao,09:16:38,32.456,29.946,148.8
2,GIB935JEN_935_20261009_094331.oao,09:21:26,31.151,31.201,149.1
3,GIB935JEN_935_20261009_094331.oao,09:26:15,29.688,32.738,148.0
4,GIB935JEN_935_20261009_094331.oao,09:35:30,30.454,31.914,147.3
5,GIB935JEN_935_20261009_094331.oao,09:49:11,31.441,30.912,145.8
6,GIB935JEN_935_20261009_094331.oao,09:57:36,32.065,30.311,148.4
7,GIB935JEN_935_20261009_094331.oao,10:03:11,33.136,29.331,149.5
8,GIB935JEN_935_20261009_094331.oao,10:10:37,30.373,32.000,152.6
9,GIB935JEN_935_20261009_094331.oao,10:15:34,31.202,31.149,148.6
10,GIB935JEN_935_20261009_094331.oao,10:20:57,31.146,31.206,148.1
11,GIB935JEN_935_20261009_094331.oao,10:27:42,32.298,30.092,151.2
12,GIB935JEN_935_20261009_094331.oao,10:35:15,31.338,31.014,159.1
13,GIB935JEN_935_20261009_094331.oao,10:40:46,42.984,22.611,151.9
14,GIB935JEN_935_20261009_094331.oao,10:54:35,31.330,31.022,148.4
15,GIB935JEN_935_20261009_094331.oao,10:59:06,31.331,31.021,151.1
16,GIB935JEN_935_20261009_094331.oao,11:07:35,30.776,31.580,147.2
17,GIB935JEN_935_20261009_094331.oao,11:11:58,31.122,31.229,151.4
18,GIB935JEN_935_20261009_094331.oao,11:16:56,31.185,31.166,152.5
19,GIB935JEN_935_20261009_094331.oao,11:21:04,31.784,30.579,150.5
20,GIB935JEN_935_20261009_094331.oao,11:51:56,33.685,28.854,146.7
21,GIB935JEN_935_20261009_094331.oao,12:04:53,30.401,31.970,147.1
22,GIB935JEN_935_20261009_094331.oao,12:10:38,32.098,30.280,149.5
23,GIB935JEN_935_20261009_094331.oao,13:43:36,31.413,30.940,148.6
24,GIB935JEN_935_20261009_094331.oao,13:50:54,32.698,29.725,149.0
1,GOO1001GAR_1001_20261009_095637.oao,13:27:13,40.474,24.014,147.4
2,GOO1001GAR_1001_20261009_095637.oao,13:50:55,54.255,17.914,147.9
1,HAR852SCO_852_20261009_094619.oao,09:52:51,37.911,25.637,149.9
2,HAR852SCO_852_20261009_094619.oao,09:58:59,35.977,27.015,150.1
3,HAR852SCO_852_20261009_094619.oao,10:06:19,36.614,26.545,150.5
4,HAR852SCO_852_20261009_094619.oao,10:22:59,37.497,25.920,155.1
5,HAR852SCO_852_20261009_094619.oao,10:31:16,34.917,27.835,150.3
6,HAR852SCO_852_20261009_094619.oao,10:38:46,36.501,26.628,152.4
7,HAR852SCO_852_20261009_094619.oao,11:37:57,46.737,20.795,151.9
8,HAR852SCO_852_20261009_094619.oao,12:07:22,39.321,24.717,142.5
9,HAR852SCO_852_20261009_094619.oao,12:26:35,41.109,23.643,143.6
10,HAR852SCO_852_20261009_094619.oao,12:37:44,37.451,25.952,146.7
11,HAR852SCO_852_20261009_094619.oao,12:47:22,36.930,26.318,143.2
12,HAR852SCO_852_20261009_094619.oao,14:03:58,36.400,26.701,145.5
13,HAR852SCO_852_20261009_094619.oao,14:15:53,36.889,26.347,142.2
1,HAR861SIA_861_20261009_094549.oao,09:50:23,81.252,11.962,154.1
2,HAR861SIA_861_20261009_094549.oao,10:04:48,45.373,21.421,152.9
3,HAR861SIA_861_20261009_094549.oao,10:20:54,44.097,22.041,157.4
4,HAR861SIA_861_20261009_094549.oao,10:31:02,45.449,21.385,156.1
5,HAR861SIA_861_20261009_094549.oao,10:38:38,44.303,21.938,159.0
1,HIL1035IAN_1035_20261009_085339.oao,09:05:06,32.424,29.976,143.2
2,HIL1035IAN_1035_20261009_085339.oao,09:11:24,32.926,29.519,148.2
3,HIL1035IAN_1035_20261009_085339.oao,09:18:18,32.934,29.511,148.7
4,HIL1035IAN_1035_20261009_085339.oao,09:25:08,32.236,30.150,145.2
5,HIL1035IAN_1035_20261009_085339.oao,09:31:47,32.137,30.243,146.5
6,HIL1035IAN_1035_20261009_085339.oao,09:49:52,35.940,27.043,144.0
7,HIL1035IAN_1035_20261009_085339.oao,10:01:52,31.867,30.499,152.5
8,HIL1035IAN_1035_20261009_085339.oao,10:12:58,34.187,28.429,154.6
9,HIL1035IAN_1035_20261009_085339.oao,10:21:54,33.392,29.107,155.2
10,HIL1035IAN_1035_20261009_085339.oao,10:32:11,32.874,29.565,154.3
11,HIL1035IAN_1035_20261009_085339.oao,10:47:41,32.937,29.508,154.7
12,HIL1035IAN_1035_20261009_085339.oao,13:19:32,34.507,28.166,148.3
13,HIL1035IAN_1035_20261009_085339.oao,13:35:11,34.428,28.231,146.8
14,HIL1035IAN_1035_20261009_085339.oao,14:11:46,34.614,28.079,148.6
15,HIL1035IAN_1035_20261009_085339.oao,14:17:36,38.469,25.265,149.7
16,HIL1035IAN_1035_20261009_085339.oao,14:30:09,36.170,26.871,147.0
1,HOB946RIC_946_20261009_094256.oao,09:45:29,63.758,15.244,171.2
2,HOB946RIC_946_20261009_094256.oao,10:05:48,48.600,19.998,166.4
3,HOB946RIC_946_20261009_094256.oao,10:22:24,48.055,20.225,168.8
4,HOB946RIC_946_20261009_094256.oao,10:27:05,44.051,22.063,168.5
5,HOB946RIC_946_20261009_094256.oao,10:31:13,42.924,22.643,153.8
6,HOB946RIC_946_20261009_094256.oao,10:39:58,67.158,14.472,175.6
7,HOB946RIC_946_20261009_094256.oao,12:32:15,61.425,15.823,177.6
8,HOB946RIC_946_20261009_094256.oao,12:39:00,52.706,18.440,164.9
9,HOB946RIC_946_20261009_094256.oao,12:51:25,50.376,19.293,151.5
1,HUM811TIM_811_20261009_094411.oao,10:54:56,37.777,25.728,152.9
2,HUM811TIM_811_20261009_094411.oao,11:16:04,36.128,26.902,152.1
1,ILI807NIK_807_20261009_094801.oao,10:16:17,50.871,19.106,173.4
2,ILI807NIK_807_20261009_094801.oao,11:15:38,82.130,11.834,154.1
3,ILI807NIK_807_20261009_094801.oao,11:33:53,83.601,11.626,154.4
4,ILI807NIK_807_20261009_094801.oao,12:42:05,55.307,17.573,159.8
5,ILI807NIK_807_20261009_094801.oao,12:58:11,57.749,16.830,158.0
6,ILI807NIK_807_20261009_094801.oao,13:10:28,58.052,16.742,161.1
1,ING801MAR_801_20261009_094307.oao,09:23:32,33.868,28.698,146.1
2,ING801MAR_801_20261009_094307.oao,09:33:59,32.601,29.813,145.4
3,ING801MAR_801_20261009_094307.oao,09:40:50,34.137,28.471,147.8
4,ING801MAR_801_20261009_094307.oao,10:01:04,40.062,24.261,150.2
5,ING801MAR_801_20261009_094307.oao,10:10:54,35.582,27.315,142.9
6,ING801MAR_801_20261009_094307.oao,10:28:09,31.891,30.476,148.4
7,ING801MAR_801_20261009_094307.oao,10:36:41,31.646,30.713,149.0
8,ING801MAR_801_20261009_094307.oao,10:46:27,32.893,29.548,152.4
9,ING801MAR_801_20261009_094307.oao,12:02:42,33.661,28.874,147.3
10,ING801MAR_801_20261009_094307.oao,12:14:13,31.738,30.623,143.0
1,ING1043JON_1043_20261009_094209.oao,09:28:39,36.127,26.903,155.5
2,ING1043JON_1043_20261009_094209.oao,09:43:04,34.142,28.467,150.0
3,ING1043JON_1043_20261009_094209.oao,09:49:35,34.916,27.836,145.5
4,ING1043JON_1043_20261009_094209.oao,09:55:42,32.293,30.097,133.4
5,ING1043JON_1043_20261009_094209.oao,10:02:51,31.942,30.428,144.2
6,ING1043JON_1043_20261009_094209.oao,10:29:37,101.791, 9.548,167.5
7,ING1043JON_1043_20261009_094209.oao,11:57:21,32.346,30.048,129.3
8,ING1043JON_1043_20261009_094209.oao,12:04:03,32.387,30.010,140.3
9,ING1043JON_1043_20261009_094209.oao,12:15:09,32.167,30.215,140.7
10,ING1043JON_1043_20261009_094209.oao,12:24:21,36.606,26.551,147.1
1,KIE1040OLI_1040_20261009_095341.oao,09:18:40,41.594,23.367,148.4
2,KIE1040OLI_1040_20261009_095341.oao,09:28:33,40.389,24.064,148.5
3,KIE1040OLI_1040_20261009_095341.oao,09:40:55,42.343,22.954,156.4
4,KIE1040OLI_1040_20261009_095341.oao,09:52:09,43.520,22.333,151.3
5,KIE1040OLI_1040_20261009_095341.oao,10:05:21,43.443,22.372,152.4
6,KIE1040OLI_1040_20261009_095341.oao,10:21:39,42.621,22.804,150.0
7,KIE1040OLI_1040_20261009_095341.oao,11:02:32,46.004,21.127,154.9
1,KIR651JON_651_20261009_094401.oao,09:49:45,40.252,24.146,144.7
2,KIR651JON_651_20261009_094401.oao,10:04:09,38.167,25.465,150.6
3,KIR651JON_651_20261009_094401.oao,10:14:22,36.457,26.659,151.5
4,KIR651JON_651_20261009_094401.oao,10:30:48,37.323,26.041,154.4
5,KIR651JON_651_20261009_094401.oao,10:41:48,36.961,26.296,148.1
6,KIR651JON_651_20261009_094401.oao,10:52:14,36.268,26.798,150.8
7,KIR651JON_651_20261009_094401.oao,11:01:40,35.301,27.533,148.8
8,KIR651JON_651_20261009_094401.oao,11:11:59,36.589,26.563,149.7
9,KIR651JON_651_20261009_094401.oao,11:22:02,39.414,24.659,153.6
10,KIR651JON_651_20261009_094401.oao,11:33:50,35.877,27.090,149.5
11,KIR651JON_651_20261009_094401.oao,11:52:55,37.384,25.998,149.0
12,KIR651JON_651_20261009_094401.oao,13:09:57,35.762,27.178,141.3
13,KIR651JON_651_20261009_094401.oao,13:23:57,35.255,27.568,144.6
14,KIR651JON_651_20261009_094401.oao,13:34:44,35.994,27.002,145.5
15,KIR651JON_651_20261009_094401.oao,13:47:42,36.668,26.506,146.0
16,KIR651JON_651_20261009_094401.oao,14:01:37,37.839,25.686,148.4
17,KIR651JON_651_20261009_094401.oao,14:14:33,37.940,25.617,146.5
18,KIR651JON_651_20261009_094401.oao,14:28:42,37.820,25.699,144.7
1,LAT724SAM_724_20261009_090849.oao,09:09:40,32.969,29.480,153.4
2,LAT724SAM_724_20261009_090849.oao,09:15:38,32.272,30.117,143.9
3,LAT724SAM_724_20261009_090849.oao,09:21:05,32.803,29.629,147.7
4,LAT724SAM_724_20261009_090849.oao,09:28:43,32.892,29.549,147.2
5,LAT724SAM_724_20261009_090849.oao,09:37:13,31.745,30.617,144.5
6,LAT724SAM_724_20261009_090849.oao,09:48:39,33.155,29.315,148.3
7,LAT724SAM_724_20261009_090849.oao,10:31:31,33.135,29.332,152.9
8,LAT724SAM_724_20261009_090849.oao,10:36:37,33.066,29.393,150.1
9,LAT724SAM_724_20261009_090849.oao,11:02:29,32.601,29.813,150.4
10,LAT724SAM_724_20261009_090849.oao,11:08:51,32.476,29.928,147.2
1,LIL804MAT_804_20261009_094301.oao,09:31:52,35.772,27.170,149.1
2,LIL804MAT_804_20261009_094301.oao,09:50:58,34.832,27.903,147.2
3,LIL804MAT_804_20261009_094301.oao,10:05:02,35.288,27.543,154.7
4,LIL804MAT_804_20261009_094301.oao,10:16:31,46.587,20.862,155.9
5,LIL804MAT_804_20261009_094301.oao,11:19:35,45.595,21.316,157.7
1,LON699JAM_699_20261009_095219.oao,09:43:59,32.092,30.285,155.0
2,LON699JAM_699_20261009_095219.oao,09:48:57,32.376,30.020,155.7
3,LON699JAM_699_20261009_095219.oao,09:54:24,31.697,30.663,149.1
4,LON699JAM_699_20261009_095219.oao,09:59:33,33.242,29.237,155.7
5,LON699JAM_699_20261009_095219.oao,10:24:50,28.937,33.587,137.0
6,LON699JAM_699_20261009_095219.oao,10:31:14,30.048,32.345,146.8
7,LON699JAM_699_20261009_095219.oao,10:38:34,29.331,33.136,145.1
8,LON699JAM_699_20261009_095219.oao,10:43:04,29.445,33.008,146.6
9,LON699JAM_699_20261009_095219.oao,10:49:36,28.760,33.794,140.7
10,LON699JAM_699_20261009_095219.oao,11:07:52,30.688,31.671,141.8
11,LON699JAM_699_20261009_095219.oao,11:15:49,29.566,32.873,142.5
12,LON699JAM_699_20261009_095219.oao,11:42:41,29.293,33.179,140.3
13,LON699JAM_699_20261009_095219.oao,11:51:28,30.112,32.277,135.4
14,LON699JAM_699_20261009_095219.oao,11:59:30,28.145,34.533,136.7
15,LON699JAM_699_20261009_095219.oao,12:06:30,29.334,33.133,141.6
16,LON699JAM_699_20261009_095219.oao,12:17:06,30.080,32.311,138.8
17,LON699JAM_699_20261009_095219.oao,12:23:41,30.738,31.620,139.8
18,LON699JAM_699_20261009_095219.oao,12:32:36,31.132,31.220,138.6
19,LON699JAM_699_20261009_095219.oao,12:37:24,30.643,31.717,137.5
20,LON699JAM_699_20261009_095219.oao,12:50:29,31.654,30.705,142.1
21,LON699JAM_699_20261009_095219.oao,12:59:07,29.593,32.843,137.1
22,LON699JAM_699_20261009_095219.oao,13:34:16,30.456,31.913,143.9
23,LON699JAM_699_20261009_095219.oao,13:45:05,29.227,33.254,140.9
24,LON699JAM_699_20261009_095219.oao,13:51:42,30.618,31.744,145.4
25,LON699JAM_699_20261009_095219.oao,13:58:30,31.901,30.467,147.8
26,LON699JAM_699_20261009_095219.oao,14:02:19,29.919,32.486,143.1
1,LOR872BRE_872_20261009_094701.oao,09:10:55,28.929,33.596,149.7
2,LOR872BRE_872_20261009_094701.oao,09:14:37,28.503,34.099,146.6
3,LOR872BRE_872_20261009_094701.oao,09:19:49,31.724,30.637,151.0
4,LOR872BRE_872_20261009_094701.oao,09:23:47,28.659,33.913,145.3
5,LOR872BRE_872_20261009_094701.oao,09:37:36,29.277,33.198,151.1
6,LOR872BRE_872_20261009_094701.oao,09:42:28,32.264,30.124,149.4
7,LOR872BRE_872_20261009_094701.oao,09:46:03,32.932,29.513,154.9
8,LOR872BRE_872_20261009_094701.oao,09:55:54,28.997,33.518,147.9
9,LOR872BRE_872_20261009_094701.oao,09:59:15,28.443,34.170,146.2
10,LOR872BRE_872_20261009_094701.oao,10:02:19,27.831,34.922,147.3
11,LOR872BRE_872_20261009_094701.oao,10:05:28,32.982,29.468,151.1
12,LOR872BRE_872_20261009_094701.oao,10:08:24,28.589,33.996,146.7
13,LOR872BRE_872_20261009_094701.oao,10:12:56,29.448,33.005,147.2
14,LOR872BRE_872_20261009_094701.oao,10:17:16,29.125,33.371,149.1
15,LOR872BRE_872_20261009_094701.oao,10:21:40,29.526,32.918,145.7
16,LOR872BRE_872_20261009_094701.oao,10:24:52,28.625,33.953,149.8
17,LOR872BRE_872_20261009_094701.oao,10:27:58,27.908,34.826,148.3
18,LOR872BRE_872_20261009_094701.oao,10:32:23,27.999,34.713,149.9
19,LOR872BRE_872_20261009_094701.oao,10:36:02,28.296,34.348,150.8
20,LOR872BRE_872_20261009_094701.oao,10:42:09,45.116,21.543,159.7
21,LOR872BRE_872_20261009_094701.oao,10:48:51,31.440,30.914,151.7
22,LOR872BRE_872_20261009_094701.oao,10:54:30,31.509,30.846,148.0
23,LOR872BRE_872_20261009_094701.oao,11:33:25,29.883,32.525,148.1
24,LOR872BRE_872_20261009_094701.oao,11:37:02,28.938,33.586,142.4
25,LOR872BRE_872_20261009_094701.oao,11:49:39,30.511,31.854,148.2
26,LOR872BRE_872_20261009_094701.oao,11:53:30,29.086,33.415,141.8
27,LOR872BRE_872_20261009_094701.oao,11:56:57,28.646,33.929,142.9
28,LOR872BRE_872_20261009_094701.oao,11:59:57,28.001,34.711,142.0
29,LOR872BRE_872_20261009_094701.oao,12:04:25,28.444,34.169,141.3
30,LOR872BRE_872_20261009_094701.oao,12:08:38,28.013,34.695,144.7
31,LOR872BRE_872_20261009_094701.oao,12:32:47,29.857,32.552,145.5
32,LOR872BRE_872_20261009_094701.oao,12:37:30,36.101,26.922,147.9
33,LOR872BRE_872_20261009_094701.oao,12:40:31,28.703,33.861,142.4
34,LOR872BRE_872_20261009_094701.oao,12:43:54,32.760,29.668,149.3
35,LOR872BRE_872_20261009_094701.oao,12:49:41,28.979,33.538,137.6
36,LOR872BRE_872_20261009_094701.oao,12:52:50,27.995,34.717,138.6
37,LOR872BRE_872_20261009_094701.oao,13:07:53,27.910,34.823,141.1
38,LOR872BRE_872_20261009_094701.oao,13:11:49,31.519,30.836,146.9
39,LOR872BRE_872_20261009_094701.oao,13:15:09,29.048,33.459,142.0
40,LOR872BRE_872_20261009_094701.oao,13:38:37,30.113,32.276,146.4
41,LOR872BRE_872_20261009_094701.oao,13:42:42,32.302,30.089,146.9
42,LOR872BRE_872_20261009_094701.oao,13:46:30,30.683,31.677,144.9
43,LOR872BRE_872_20261009_094701.oao,14:05:40,27.792,34.971,140.6
44,LOR872BRE_872_20261009_094701.oao,14:08:35,28.086,34.606,141.2
45,LOR872BRE_872_20261009_094701.oao,14:11:16,27.423,35.442,141.1
46,LOR872BRE_872_20261009_094701.oao,14:14:51,28.727,33.833,141.1
47,LOR872BRE_872_20261009_094701.oao,14:17:18,27.174,35.767,138.6
48,LOR872BRE_872_20261009_094701.oao,14:20:29,28.036,34.666,140.6
49,LOR872BRE_872_20261009_094701.oao,14:23:39,27.397,35.476,135.4
50,LOR872BRE_872_20261009_094701.oao,14:27:34,27.755,35.017,138.7
51,LOR872BRE_872_20261009_094701.oao,14:29:56,28.616,33.964,136.5
1,LOR1037FRA_1037_20261009_094433.oao,09:09:52,41.992,23.145,164.7
2,LOR1037FRA_1037_20261009_094433.oao,09:18:24,39.398,24.669,152.5
3,LOR1037FRA_1037_20261009_094433.oao,09:30:53,31.978,30.393,152.3
4,LOR1037FRA_1037_20261009_094433.oao,09:42:45,39.370,24.687,149.7
5,LOR1037FRA_1037_20261009_094433.oao,10:07:32,38.884,24.996,152.2
6,LOR1037FRA_1037_20261009_094433.oao,10:18:17,38.776,25.065,155.2
7,LOR1037FRA_1037_20261009_094433.oao,10:26:58,35.534,27.352,158.3
8,LOR1037FRA_1037_20261009_094433.oao,10:42:03,35.595,27.305,157.3
1,MAR618PET_618_20261009_094411.oao,10:17:11,35.313,27.523,148.1
2,MAR618PET_618_20261009_094411.oao,10:21:11,35.109,27.683,146.9
3,MAR618PET_618_20261009_094411.oao,10:25:00,36.138,26.894,143.2
4,MAR618PET_618_20261009_094411.oao,10:28:49,34.477,28.191,151.6
5,MAR618PET_618_20261009_094411.oao,10:32:33,36.522,26.612,160.1
6,MAR618PET_618_20261009_094411.oao,10:36:44,50.026,19.428,157.4
1,MAR817EDD_817_20261009_094749.oao,09:44:50,34.825,27.909,152.5
2,MAR817EDD_817_20261009_094749.oao,10:10:03,32.928,29.517,158.1
3,MAR817EDD_817_20261009_094749.oao,10:31:37,34.985,27.781,159.7
1,MAY806SCO_806_20261009_091701.oao,09:16:04,38.121,25.496,151.2
2,MAY806SCO_806_20261009_091701.oao,09:28:57,36.072,26.944,145.0
3,MAY806SCO_806_20261009_091701.oao,09:37:51,37.065,26.222,145.3
4,MAY806SCO_806_20261009_091701.oao,09:50:07,34.917,27.835,142.4
5,MAY806SCO_806_20261009_091701.oao,10:03:20,38.531,25.225,141.8
6,MAY806SCO_806_20261009_091701.oao,10:31:01,36.905,26.336,154.5
7,MAY806SCO_806_20261009_091701.oao,11:41:49,41.089,23.654,148.9
1,MEY1039NEI_1039_20261009_091109.oao,09:51:32,40.439,24.034,151.8
2,MEY1039NEI_1039_20261009_091109.oao,10:06:10,58.131,16.720,150.8
3,MEY1039NEI_1039_20261009_091109.oao,10:14:20,36.316,26.763,154.9
4,MEY1039NEI_1039_20261009_091109.oao,10:28:49,35.140,27.658,153.9
5,MEY1039NEI_1039_20261009_091109.oao,10:40:26,36.316,26.763,149.6
6,MEY1039NEI_1039_20261009_091109.oao,10:51:25,35.719,27.210,151.1
7,MEY1039NEI_1039_20261009_091109.oao,11:15:07,34.196,28.422,150.0
8,MEY1039NEI_1039_20261009_091109.oao,11:25:38,36.473,26.648,152.7
9,MEY1039NEI_1039_20261009_091109.oao,13:22:16,34.754,27.965,148.2
10,MEY1039NEI_1039_20261009_091109.oao,13:33:02,34.637,28.061,147.2
1,MEY1045BEN_1045_20261009_091049.oao,09:51:00,34.844,27.894,147.9
2,MEY1045BEN_1045_20261009_091049.oao,09:59:54,35.544,27.345,152.2
3,MEY1045BEN_1045_20261009_091049.oao,10:11:53,34.153,28.458,153.9
4,MEY1045BEN_1045_20261009_091049.oao,10:25:57,35.436,27.428,153.6
5,MEY1045BEN_1045_20261009_091049.oao,10:40:29,34.981,27.785,153.6
1,NEA676IAI_676_20261009_095543.oao,09:05:26,38.415,25.301,153.6
2,NEA676IAI_676_20261009_095543.oao,09:19:37,36.414,26.691,148.6
3,NEA676IAI_676_20261009_095543.oao,09:32:07,44.900,21.646,152.4
1,NEW810MAR_810_20261009_094137.oao,09:21:51,30.286,32.091,150.4
2,NEW810MAR_810_20261009_094137.oao,09:31:26,29.890,32.516,147.0
3,NEW810MAR_810_20261009_094137.oao,09:37:14,29.808,32.606,149.2
4,NEW810MAR_810_20261009_094137.oao,09:45:33,33.264,29.218,152.9
5,NEW810MAR_810_20261009_094137.oao,09:58:14,32.163,30.218,153.2
6,NEW810MAR_810_20261009_094137.oao,10:22:34,31.154,31.197,156.4
7,NEW810MAR_810_20261009_094137.oao,10:27:28,31.280,31.071,153.0
8,NEW810MAR_810_20261009_094137.oao,10:34:26,30.481,31.886,157.7
9,NEW810MAR_810_20261009_094137.oao,10:44:36,29.665,32.763,153.9
10,NEW810MAR_810_20261009_094137.oao,10:51:39,30.589,31.774,151.8
11,NEW810MAR_810_20261009_094137.oao,10:57:53,30.301,32.075,147.0
12,NEW810MAR_810_20261009_094137.oao,11:06:49,29.353,33.111,149.4
13,NEW810MAR_810_20261009_094137.oao,12:06:20,34.721,27.993,142.5
1,NOR942SCO_942_20261009_094309.oao,09:14:20,32.102,30.276,148.2
2,NOR942SCO_942_20261009_094309.oao,09:18:42,31.891,30.476,146.8
3,NOR942SCO_942_20261009_094309.oao,09:23:12,31.517,30.838,144.2
4,NOR942SCO_942_20261009_094309.oao,09:34:50,31.078,31.273,146.5
5,NOR942SCO_942_20261009_094309.oao,09:42:03,30.739,31.619,149.0
6,NOR942SCO_942_20261009_094309.oao,09:55:04,31.320,31.032,146.0
7,NOR942SCO_942_20261009_094309.oao,10:01:57,31.134,31.218,147.5
8,NOR942SCO_942_20261009_094309.oao,10:05:21,32.472,29.931,141.8
9,NOR942SCO_942_20261009_094309.oao,10:11:18,31.241,31.110,149.8
10,NOR942SCO_942_20261009_094309.oao,10:16:33,35.556,27.335,152.4
11,NOR942SCO_942_20261009_094309.oao,10:22:03,30.975,31.378,148.0
12,NOR942SCO_942_20261009_094309.oao,10:25:55,37.183,26.139,159.2
13,NOR942SCO_942_20261009_094309.oao,10:37:25,33.093,29.369,158.5
14,NOR942SCO_942_20261009_094309.oao,10:40:55,32.511,29.896,147.8
15,NOR942SCO_942_20261009_094309.oao,10:49:25,31.006,31.346,150.1
16,NOR942SCO_942_20261009_094309.oao,10:55:06,33.276,29.208,151.4
17,NOR942SCO_942_20261009_094309.oao,12:34:35,35.233,27.585,152.8
18,NOR942SCO_942_20261009_094309.oao,13:00:50,32.021,30.352,147.0
19,NOR942SCO_942_20261009_094309.oao,13:16:14,31.525,30.830,148.0
20,NOR942SCO_942_20261009_094309.oao,13:21:29,31.245,31.107,147.1
21,NOR942SCO_942_20261009_094309.oao,13:25:36,31.936,30.434,146.2
22,NOR942SCO_942_20261009_094309.oao,13:32:52,31.602,30.755,147.9
23,NOR942SCO_942_20261009_094309.oao,13:43:09,31.121,31.230,145.1
24,NOR942SCO_942_20261009_094309.oao,14:28:52,35.147,27.653,145.5
1,OLI858JOH_858_20261009_094519.oao,09:01:57,32.167,30.215,144.1
2,OLI858JOH_858_20261009_094519.oao,09:41:26,35.391,27.462,148.5
3,OLI858JOH_858_20261009_094519.oao,09:51:03,35.779,27.165,148.5
4,OLI858JOH_858_20261009_094519.oao,10:00:48,33.598,28.928,146.6
1,PAL920MAR_920_20261009_094819.oao,10:53:27,39.511,24.599,155.6
2,PAL920MAR_920_20261009_094819.oao,11:05:26,39.021,24.908,156.5
3,PAL920MAR_920_20261009_094819.oao,11:17:57,37.642,25.820,154.3
4,PAL920MAR_920_20261009_094819.oao,11:37:22,42.609,22.810,153.0
5,PAL920MAR_920_20261009_094819.oao,13:34:46,37.185,26.138,151.5
6,PAL920MAR_920_20261009_094819.oao,13:54:52,37.287,26.066,150.9
7,PAL920MAR_920_20261009_094819.oao,14:10:46,37.108,26.191,149.6
8,PAL920MAR_920_20261009_094819.oao,14:24:04,36.989,26.276,148.7
1,PET822SIM_822_20261009_094211.oao,09:19:04,30.027,32.369,146.8
2,PET822SIM_822_20261009_094211.oao,09:27:01,28.569,34.021,145.6
3,PET822SIM_822_20261009_094211.oao,09:35:53,28.565,34.024,151.0
4,PET822SIM_822_20261009_094211.oao,09:49:02,30.426,31.943,147.4
5,PET822SIM_822_20261009_094211.oao,10:02:29,28.511,34.090,149.4
6,PET822SIM_822_20261009_094211.oao,10:10:20,27.916,34.816,145.2
7,PET822SIM_822_20261009_094211.oao,10:15:38,29.265,33.211,148.1
8,PET822SIM_822_20261009_094211.oao,10:35:46,28.592,33.993,152.3
9,PET822SIM_822_20261009_094211.oao,10:43:05,28.618,33.963,148.8
10,PET822SIM_822_20261009_094211.oao,10:58:45,28.317,34.323,147.9
11,PET822SIM_822_20261009_094211.oao,11:09:48,28.090,34.600,146.6
12,PET822SIM_822_20261009_094211.oao,12:49:00,36.892,26.345,145.1
13,PET822SIM_822_20261009_094211.oao,13:00:49,28.981,33.537,146.7
14,PET822SIM_822_20261009_094211.oao,13:13:48,29.235,33.245,143.6
15,PET822SIM_822_20261009_094211.oao,13:22:38,28.381,34.246,142.6
16,PET822SIM_822_20261009_094211.oao,13:46:54,29.616,32.818,144.0
17,PET822SIM_822_20261009_094211.oao,14:07:21,29.455,32.997,145.1
18,PET822SIM_822_20261009_094211.oao,14:20:10,35.440,27.424,148.0
19,PET822SIM_822_20261009_094211.oao,14:27:12,30.465,31.903,140.5
1,REE813MAR_813_20261009_105943.oao,10:26:04,49.648,19.576,157.7
2,REE813MAR_813_20261009_105943.oao,10:37:46,44.768,21.710,156.2
3,REE813MAR_813_20261009_105943.oao,10:54:08,48.397,20.082,156.9
4,REE813MAR_813_20261009_105943.oao,11:04:22,46.828,20.755,154.3
1,ROG632KAT_632_20261009_094137.oao,09:25:49,76.838,12.649,164.8
2,ROG632KAT_632_20261009_094137.oao,09:31:05,72.124,13.476,160.7
3,ROG632KAT_632_20261009_094137.oao,09:37:58,73.966,13.140,165.8
4,ROG632KAT_632_20261009_094137.oao,09:43:02,70.662,13.755,154.1
5,ROG632KAT_632_20261009_094137.oao,09:50:57,74.405,13.063,166.4
6,ROG632KAT_632_20261009_094137.oao,10:00:04,81.143,11.978,161.5
7,ROG632KAT_632_20261009_094137.oao,10:08:03,71.712,13.553,156.0
8,ROG632KAT_632_20261009_094137.oao,10:15:02,77.823,12.489,160.4
1,RUS641ROB_641_20261009_094925.oao,10:16:51,35.553,27.337,153.3
2,RUS641ROB_641_20261009_094925.oao,10:24:38,35.869,27.096,155.5
3,RUS641ROB_641_20261009_094925.oao,10:34:44,34.266,28.364,153.4
4,RUS641ROB_641_20261009_094925.oao,10:42:54,34.318,28.321,150.9
5,RUS641ROB_641_20261009_094925.oao,10:54:11,34.502,28.170,146.8
6,RUS641ROB_641_20261009_094925.oao,11:00:47,33.368,29.127,149.2
7,RUS641ROB_641_20261009_094925.oao,11:09:09,33.950,28.628,146.0
1,SAL841MAR_841_20261009_095331.oao,11:18:10,56.642,17.159,157.5
2,SAL841MAR_841_20261009_095331.oao,11:26:58,60.286,16.122,164.5
3,SAL841MAR_841_20261009_095331.oao,11:54:22,51.815,18.757,157.5
4,SAL841MAR_841_20261009_095331.oao,12:06:52,51.642,18.820,154.6
5,SAL841MAR_841_20261009_095331.oao,13:18:20,45.915,21.168,153.6
6,SAL841MAR_841_20261009_095331.oao,13:29:30,44.325,21.927,151.7
1,SHE643IAN_643_20261009_094439.oao,09:14:50,55.277,17.583,149.9
2,SHE643IAN_643_20261009_094439.oao,09:47:39,74.450,13.055,167.7
1,SPA815BOB_815_20261009_103601.oao,09:49:28,39.995,24.301,156.1
2,SPA815BOB_815_20261009_103601.oao,09:58:23,36.782,26.424,152.8
3,SPA815BOB_815_20261009_103601.oao,10:09:11,35.949,27.036,153.1
4,SPA815BOB_815_20261009_103601.oao,10:52:04,43.608,22.288,155.4
5,SPA815BOB_815_20261009_103601.oao,11:22:48,41.626,23.349,152.4
1,STA617KUB_617_20261009_094609.oao,10:26:01,72.502,13.405,172.1
2,STA617KUB_617_20261009_094609.oao,10:30:29,37.375,26.004,172.7
3,STA617KUB_617_20261009_094609.oao,10:34:43,62.287,15.604,165.7
4,STA617KUB_617_20261009_094609.oao,10:40:38,36.183,26.861,161.4
5,STA617KUB_617_20261009_094609.oao,10:47:49,40.297,24.119,163.0
6,STA617KUB_617_20261009_094609.oao,10:54:06,38.270,25.396,160.7
7,STA617KUB_617_20261009_094609.oao,11:35:11,37.138,26.170,156.8
8,STA617KUB_617_20261009_094609.oao,11:51:38,42.485,22.877,148.1
9,STA617KUB_617_20261009_094609.oao,12:00:42,40.634,23.919,170.0
10,STA617KUB_617_20261009_094609.oao,12:05:06,38.303,25.375,144.3
11,STA617KUB_617_20261009_094609.oao,12:18:27,51.606,18.833,167.9
12,STA617KUB_617_20261009_094609.oao,12:26:26,72.137,13.473,175.4
13,STA617KUB_617_20261009_094609.oao,13:32:18,36.468,26.651,144.8
14,STA617KUB_617_20261009_094609.oao,13:35:49,34.940,27.817,139.5
15,STA617KUB_617_20261009_094609.oao,13:43:02,39.685,24.491,148.7
16,STA617KUB_617_20261009_094609.oao,13:47:56,36.500,26.628,141.9
17,STA617KUB_617_20261009_094609.oao,13:54:34,34.773,27.951,137.3
18,STA617KUB_617_20261009_094609.oao,14:08:23,60.992,15.935,167.7
1,STA705SCO_705_20261009_094435.oao,09:03:38,29.113,33.385,146.8
2,STA705SCO_705_20261009_094435.oao,09:07:43,28.227,34.433,141.9
3,STA705SCO_705_20261009_094435.oao,09:12:23,28.995,33.520,139.9
4,STA705SCO_705_20261009_094435.oao,09:16:02,29.548,32.893,143.5
5,STA705SCO_705_20261009_094435.oao,09:20:07,28.826,33.717,143.4
6,STA705SCO_705_20261009_094435.oao,09:27:22,28.309,34.333,143.1
7,STA705SCO_705_20261009_094435.oao,09:33:04,28.155,34.521,146.4
8,STA705SCO_705_20261009_094435.oao,09:36:52,28.092,34.598,145.5
9,STA705SCO_705_20261009_094435.oao,09:41:58,29.973,32.427,147.1
10,STA705SCO_705_20261009_094435.oao,09:50:30,29.597,32.839,148.1
11,STA705SCO_705_20261009_094435.oao,10:00:30,29.067,33.438,146.5
12,STA705SCO_705_20261009_094435.oao,10:04:12,29.346,33.119,151.7
13,STA705SCO_705_20261009_094435.oao,10:07:47,29.373,33.088,144.9
14,STA705SCO_705_20261009_094435.oao,10:12:36,28.677,33.892,148.3
15,STA705SCO_705_20261009_094435.oao,10:16:03,28.223,34.438,146.4
16,STA705SCO_705_20261009_094435.oao,10:19:50,28.673,33.897,147.0
17,STA705SCO_705_20261009_094435.oao,10:35:34,29.257,33.220,154.6
18,STA705SCO_705_20261009_094435.oao,10:39:03,28.751,33.805,150.2
19,STA705SCO_705_20261009_094435.oao,10:43:55,28.899,33.632,150.5
20,STA705SCO_705_20261009_094435.oao,10:49:10,29.477,32.973,149.5
21,STA705SCO_705_20261009_094435.oao,12:25:22,29.195,33.291,147.9
22,STA705SCO_705_20261009_094435.oao,12:28:23,28.601,33.983,148.7
23,STA705SCO_705_20261009_094435.oao,12:31:39,28.733,33.826,146.9
24,STA705SCO_705_20261009_094435.oao,12:49:21,28.448,34.165,144.4
25,STA705SCO_705_20261009_094435.oao,12:52:21,27.110,35.852,144.6
26,STA705SCO_705_20261009_094435.oao,12:57:25,28.057,34.641,145.6
27,STA705SCO_705_20261009_094435.oao,13:01:51,28.262,34.390,145.5
28,STA705SCO_705_20261009_094435.oao,13:09:12,27.238,35.682,145.6
29,STA705SCO_705_20261009_094435.oao,13:21:55,28.191,34.476,147.3
30,STA705SCO_705_20261009_094435.oao,13:30:00,28.190,34.477,146.7
31,STA705SCO_705_20261009_094435.oao,13:38:05,27.879,34.863,147.5
32,STA705SCO_705_20261009_094435.oao,13:45:59,28.144,34.534,146.0
33,STA705SCO_705_20261009_094435.oao,13:55:33,27.933,34.795,147.3
34,STA705SCO_705_20261009_094435.oao,14:06:57,28.491,34.113,146.2
35,STA705SCO_705_20261009_094435.oao,14:18:42,27.750,35.024,143.0
36,STA705SCO_705_20261009_094435.oao,14:25:19,28.340,34.295,144.0
37,STA705SCO_705_20261009_094435.oao,14:30:30,29.629,32.803,143.1
1,STU803AND_803_20261009_094923.oao,09:52:03,40.273,24.133,155.7
2,STU803AND_803_20261009_094923.oao,10:04:15,45.245,21.481,152.8
3,STU803AND_803_20261009_094923.oao,10:21:14,40.240,24.153,155.5
4,STU803AND_803_20261009_094923.oao,10:37:22,41.080,23.659,158.3
1,THO656RUS_656_20261009_094439.oao,10:14:05,34.088,28.513,158.4
2,THO656RUS_656_20261009_094439.oao,10:25:49,36.094,26.928,159.8
3,THO656RUS_656_20261009_094439.oao,10:43:17,35.685,27.236,153.7
4,THO656RUS_656_20261009_094439.oao,10:52:51,36.077,26.940,155.0
5,THO656RUS_656_20261009_094439.oao,11:04:07,35.522,27.361,155.2
6,THO656RUS_656_20261009_094439.oao,12:05:25,39.943,24.333,147.5
7,THO656RUS_656_20261009_094439.oao,12:14:47,39.466,24.627,148.9
8,THO656RUS_656_20261009_094439.oao,13:48:26,34.981,27.785,150.6
9,THO656RUS_656_20261009_094439.oao,14:20:59,39.670,24.500,152.7
1,THO838STE_838_20261009_094353.oao,10:32:48,40.768,23.840,161.6
2,THO838STE_838_20261009_094353.oao,10:54:06,45.207,21.499,153.4
1,TRO829WIL_829_20261009_090031.oao,09:51:19,34.292,28.342,150.3
2,TRO829WIL_829_20261009_090031.oao,09:59:48,38.963,24.945,154.8
3,TRO829WIL_829_20261009_090031.oao,10:10:05,33.977,28.606,153.3
4,TRO829WIL_829_20261009_090031.oao,10:38:13,32.326,30.066,154.6
5,TRO829WIL_829_20261009_090031.oao,10:48:23,32.233,30.153,155.4
6,TRO829WIL_829_20261009_090031.oao,10:56:41,35.456,27.412,152.2
7,TRO829WIL_829_20261009_090031.oao,11:44:39,33.312,29.176,157.0
1,TWI833AND_833_20261009_094231.oao,10:10:28,40.593,23.943,157.2
2,TWI833AND_833_20261009_094231.oao,10:22:45,42.067,23.104,161.5
3,TWI833AND_833_20261009_094231.oao,10:33:28,37.724,25.764,158.8
4,TWI833AND_833_20261009_094231.oao,10:49:45,37.135,26.173,153.5
5,TWI833AND_833_20261009_094231.oao,11:50:50,43.906,22.136,156.4
6,TWI833AND_833_20261009_094231.oao,12:07:54,37.624,25.833,149.3
7,TWI833AND_833_20261009_094231.oao,12:26:34,37.648,25.816,150.3
1,VAS665STA_665_20261009_094247.oao,09:26:50,32.192,30.191,147.2
2,VAS665STA_665_20261009_094247.oao,09:32:01,33.260,29.222,149.8
3,VAS665STA_665_20261009_094247.oao,09:37:31,32.841,29.595,146.1
4,VAS665STA_665_20261009_094247.oao,09:44:29,32.861,29.577,143.5
5,VAS665STA_665_20261009_094247.oao,09:52:00,35.992,27.004,147.0
6,VAS665STA_665_20261009_094247.oao,09:57:41,35.056,27.725,143.6
7,VAS665STA_665_20261009_094247.oao,11:09:07,35.015,27.758,147.3
8,VAS665STA_665_20261009_094247.oao,11:13:51,33.596,28.930,145.0
1,VER704SHA_704_20261009_095941.oao,09:05:51,37.096,26.200,162.7
2,VER704SHA_704_20261009_095941.oao,09:15:45,35.908,27.067,146.3
3,VER704SHA_704_20261009_095941.oao,09:25:20,35.275,27.552,150.3
4,VER704SHA_704_20261009_095941.oao,09:36:25,35.087,27.701,148.5
5,VER704SHA_704_20261009_095941.oao,09:45:45,42.797,22.710,149.1
6,VER704SHA_704_20261009_095941.oao,09:53:27,35.651,27.262,146.6
7,VER704SHA_704_20261009_095941.oao,10:07:10,36.463,26.655,149.9
8,VER704SHA_704_20261009_095941.oao,10:40:02,35.499,27.379,152.3
9,VER704SHA_704_20261009_095941.oao,10:51:24,35.933,27.048,150.7
10,VER704SHA_704_20261009_095941.oao,11:00:01,36.514,26.618,152.1
11,VER704SHA_704_20261009_095941.oao,11:11:32,35.702,27.223,152.7
12,VER704SHA_704_20261009_095941.oao,11:23:22,37.876,25.661,151.2
1,WAT819JOE_819_20261009_094601.oao,09:35:01,46.735,20.796,154.2
2,WAT819JOE_819_20261009_094601.oao,09:46:39,52.322,18.576,149.7
3,WAT819JOE_819_20261009_094601.oao,09:54:19,65.374,14.867,152.1
4,WAT819JOE_819_20261009_094601.oao,10:03:12,46.617,20.849,148.6
5,WAT819JOE_819_20261009_094601.oao,10:09:56,48.381,20.089,155.7
6,WAT819JOE_819_20261009_094601.oao,10:15:41,49.138,19.780,159.7
7,WAT819JOE_819_20261009_094601.oao,10:42:57,45.223,21.492,152.1
8,WAT819JOE_819_20261009_094601.oao,10:52:36,46.018,21.121,153.0
9,WAT819JOE_819_20261009_094601.oao,11:00:27,47.542,20.443,152.6
10,WAT819JOE_819_20261009_094601.oao,11:11:11,43.969,22.105,151.5
11,WAT819JOE_819_20261009_094601.oao,11:22:58,47.827,20.321,151.0
12,WAT819JOE_819_20261009_094601.oao,11:31:28,48.117,20.199,156.3
13,WAT819JOE_819_20261009_094601.oao,11:44:51,50.993,19.060,158.3
1,WAT845STE_845_20261009_094927.oao,10:27:32,43.953,22.113,164.6
1,WHA647TRE_647_20261009_094940.oao,12:48:11,39.106,24.854,139.2
2,WHA647TRE_647_20261009_094940.oao,13:17:07,43.341,22.425,145.6
3,WHA647TRE_647_20261009_094940.oao,13:28:58,38.920,24.972,143.6
4,WHA647TRE_647_20261009_094940.oao,13:44:23,42.437,22.903,145.1
1,WIL669DAV_669_20261009_112442.sbp,10:51:33,28.843,33.696,147.8
2,WIL669DAV_669_20261009_112442.sbp,10:56:11,29.022,33.490,145.0
3,WIL669DAV_669_20261009_112442.sbp,11:03:36,28.271,34.379,133.6
4,WIL669DAV_669_20261009_112442.sbp,11:09:27,28.822,33.722,145.7
5,WIL669DAV_669_20261009_112442.sbp,11:18:53,28.275,34.373,139.1
6,WIL669DAV_669_20261009_112442.sbp,11:26:21,30.497,31.870,137.9
7,WIL669DAV_669_20261009_112442.sbp,11:36:14,28.735,33.824,137.6
8,WIL669DAV_669_20261009_112442.sbp,12:37:47,35.716,27.212,155.4
9,WIL669DAV_669_20261009_112442.sbp,12:50:05,36.684,26.495,155.2
10,WIL669DAV_669_20261009_112442.sbp,13:27:56,27.127,35.829,144.0
11,WIL669DAV_669_20261009_112442.sbp,13:32:16,29.764,32.655,146.2
12,WIL669DAV_669_20261009_112442.sbp,13:35:39,29.608,32.826,143.3
1,WIL814JON_814_20261009_094641.oao,10:24:27,53.497,18.168,156.3
