Place,HelmName,Fleet,Age,Tally
1,Scotty Stallman,Male Windsurf,Adult,92
2,Jim Crossley,Male Windsurf,Adult,68
3,Simon Pettifer,Male Windsurf,Adult,2
4,James Dinsmore,Male Windsurf,Adult,56
5,Scott Norman,Male Windsurf,Adult,71
6,Garry Connell,Male Windsurf,Adult,55
7,Michael George,Male Windsurf,Adult,1
8,Maciej Bukolt,Male Windsurf,Adult,90
9,Neil Meyerhoff,Male Windsurf,Adult,30
10,Jonny Kirton,Male Windsurf,Adult,67
11,Scott Harrison,Male Windsurf,Adult,28
12,Mark Palmer,Male Windsurf,Adult,59
13,Russell Thompson,Male Windsurf,Adult,66
14,Trevor Whatford,Male Windsurf,Adult,77
15,Mark Salvage,Male Windsurf,Adult,24
16,Garry Goodwin,Male Windsurf,Legend,76
