1,BATTY3JAMES_103200479_20191007_104600.SBN,12:20:55,30.678,31.681,77
2,BATTY3JAMES_103200479_20191007_104600.SBN,12:25:52,31.365,30.988,98.2
3,BATTY3JAMES_103200479_20191007_104600.SBN,12:32:01,29.75,32.67,92.3
4,BATTY3JAMES_103200479_20191007_104600.SBN,12:38:09,29.294,33.178,90.6
5,BATTY3JAMES_103200479_20191007_104600.SBN,12:42:20,34.437,28.223,94.6
6,BATTY3JAMES_103200479_20191007_104600.SBN,12:46:23,29.38,33.081,91.3
7,BATTY3JAMES_103200479_20191007_104600.SBN,12:51:58,29.257,33.22,87.2
8,BATTY3JAMES_103200479_20191007_104600.SBN,12:56:15,30.316,32.06,91.2
9,BATTY3JAMES_103200479_20191007_104600.SBN,13:01:19,40.734,23.86,103.5
10,BATTY3JAMES_103200479_20191007_104600.SBN,13:04:01,28.601,33.982,90.3
11,BATTY3JAMES_103200479_20191007_104600.SBN,13:17:46,29.065,33.44,83.7
12,BATTY3JAMES_103200479_20191007_104600.SBN,13:22:19,28.377,34.25,81.3
13,BATTY3JAMES_103200479_20191007_104600.SBN,13:26:41,28.217,34.445,82
14,BATTY3JAMES_103200479_20191007_104600.SBN,13:35:14,27.822,34.934,85.5
15,BATTY3JAMES_103200479_20191007_104600.SBN,13:40:26,28.994,33.522,84.5
16,BATTY3JAMES_103200479_20191007_104600.SBN,13:45:30,29.397,33.062,93
17,BATTY3JAMES_103200479_20191007_104600.SBN,14:19:22,29.303,33.169,84.9
18,BATTY3JAMES_103200479_20191007_104600.SBN,14:24:07,28.734,33.825,85.8
19,BATTY3JAMES_103200479_20191007_104600.SBN,14:36:00,28.342,34.293,87.5
20,BATTY3JAMES_103200479_20191007_104600.SBN,14:43:05,28.817,33.727,85.1
21,BATTY3JAMES_103200479_20191007_104600.SBN,14:47:52,28.238,34.419,91.3
22,BATTY3JAMES_103200479_20191007_104600.SBN,15:01:54,28.823,33.721,87.6
23,BATTY3JAMES_103200479_20191007_104600.SBN,15:06:09,28.435,34.181,91.7
24,BATTY3JAMES_103200479_20191007_104600.SBN,15:10:14,28.344,34.29,90.2
1,CARTE44MARTI_103200708_20191007_092503.SBN,13:11:14,35.751,27.186,96
2,CARTE44MARTI_103200708_20191007_092503.SBN,13:15:09,37.584,25.86,98.4
3,CARTE44MARTI_103200708_20191007_092503.SBN,13:19:11,34.671,28.033,91.1
4,CARTE44MARTI_103200708_20191007_092503.SBN,13:23:13,32.742,29.684,87.1
5,CARTE44MARTI_103200708_20191007_092503.SBN,13:27:40,32.859,29.578,84.9
6,CARTE44MARTI_103200708_20191007_092503.SBN,13:31:58,32.807,29.626,87.6
7,CARTE44MARTI_103200708_20191007_092503.SBN,13:37:13,33.766,28.784,92.4
8,CARTE44MARTI_103200708_20191007_092503.SBN,13:45:32,33.358,29.136,92.2
9,CARTE44MARTI_103200708_20191007_092503.SBN,13:50:10,31.8,30.564,92.5
10,CARTE44MARTI_103200708_20191007_092503.SBN,14:16:32,34.237,28.388,92
11,CARTE44MARTI_103200708_20191007_092503.SBN,14:20:55,32.467,29.935,84.1
12,CARTE44MARTI_103200708_20191007_092503.SBN,14:30:02,34.681,28.025,93.2
13,CARTE44MARTI_103200708_20191007_092503.SBN,14:39:13,33.202,29.273,92.9
14,CARTE44MARTI_103200708_20191007_092503.SBN,14:43:37,32.974,29.475,90.2
15,CARTE44MARTI_103200708_20191007_092503.SBN,14:48:14,32.829,29.605,94.9
16,CARTE44MARTI_103200708_20191007_092503.SBN,14:53:00,33.233,29.246,93.3
17,CARTE44MARTI_103200708_20191007_092503.SBN,14:57:20,34.464,28.201,97.2
1,CARTR18BOB_932000712_20191007_110230.SBN,12:28:06,34.6,28.09,81.1
2,CARTR18BOB_932000712_20191007_110230.SBN,12:39:42,35.837,27.121,90.6
3,CARTR18BOB_932000712_20191007_110230.SBN,13:03:58,34.625,28.07,88.6
4,CARTR18BOB_932000712_20191007_110230.SBN,13:14:42,35.782,27.162,87
5,CARTR18BOB_932000712_20191007_110230.SBN,13:28:29,35.941,27.042,87.5
6,CARTR18BOB_932000712_20191007_110230.SBN,13:41:04,35.935,27.047,88.2
7,CARTR18BOB_932000712_20191007_110230.SBN,14:53:23,33.325,29.165,91.5
8,CARTR18BOB_932000712_20191007_110230.SBN,15:01:20,34.127,28.48,90.8
9,CARTR18BOB_932000712_20191007_110230.SBN,15:11:28,31.893,30.474,92.9
10,CARTR18BOB_932000712_20191007_110230.SBN,15:30:44,36.667,26.507,97.6
11,CARTR18BOB_932000712_20191007_110230.SBN,15:50:32,35.678,27.242,98.9
1,CONNE2GARRY_133200827_20191007_113730.SBN,11:57:13,30.078,32.313,86.6
2,CONNE2GARRY_133200827_20191007_113730.SBN,12:02:21,31.134,31.218,84.5
3,CONNE2GARRY_133200827_20191007_113730.SBN,12:10:02,32.034,30.34,82.3
4,CONNE2GARRY_133200827_20191007_113730.SBN,12:18:24,31.806,30.558,92.1
5,CONNE2GARRY_133200827_20191007_113730.SBN,12:31:56,31.748,30.613,91.6
6,CONNE2GARRY_133200827_20191007_113730.SBN,13:03:38,33.647,28.886,91.9
7,CONNE2GARRY_133200827_20191007_113730.SBN,13:13:49,31.035,31.317,87.3
8,CONNE2GARRY_133200827_20191007_113730.SBN,13:31:31,31.474,30.88,89.4
9,CONNE2GARRY_133200827_20191007_113730.SBN,14:14:11,31.43,30.923,89.7
10,CONNE2GARRY_133200827_20191007_113730.SBN,14:22:58,31.683,30.676,88.2
11,CONNE2GARRY_133200827_20191007_113730.SBN,14:44:29,31.063,31.288,89.2
12,CONNE2GARRY_133200827_20191007_113730.SBN,14:56:00,31.366,30.987,86.4
13,CONNE2GARRY_133200827_20191007_113730.SBN,15:08:32,30.626,31.735,89.5
14,CONNE2GARRY_133200827_20191007_113730.SBN,15:27:23,32.245,30.142,90.9
15,CONNE2GARRY_133200827_20191007_113730.SBN,15:34:42,33.256,29.225,93.2
16,CONNE2GARRY_133200827_20191007_113730.SBN,15:59:27,33.043,29.414,107.3
1,CROSB47PETER_933000012_20191007_130300.SBN,14:12:52,33.809,28.747,86.3
2,CROSB47PETER_933000012_20191007_130300.SBN,14:20:18,33.233,29.246,84.7
3,CROSB47PETER_933000012_20191007_130300.SBN,14:28:38,33.526,28.99,79.9
4,CROSB47PETER_933000012_20191007_130300.SBN,14:37:04,33.263,29.219,85
5,CROSB47PETER_933000012_20191007_130300.SBN,14:45:48,33.665,28.87,79.8
6,CROSB47PETER_933000012_20191007_130300.SBN,14:56:19,36.707,26.478,92.9
7,CROSB47PETER_933000012_20191007_130300.SBN,15:31:28,35.939,27.044,100.2
8,CROSB47PETER_933000012_20191007_130300.SBN,15:47:06,34.378,28.272,101.6
9,CROSB47PETER_933000012_20191007_130300.SBN,15:59:27,42.231,23.014,120.8
1,CROSS55JIM_133200501_20191007_123548.SBN,12:51:00,29.727,32.695,85
2,CROSS55JIM_133200501_20191007_123548.SBN,12:55:49,29.757,32.662,84.9
3,CROSS55JIM_133200501_20191007_123548.SBN,13:04:29,28.381,34.245,90.4
4,CROSS55JIM_133200501_20191007_123548.SBN,13:10:48,28.916,33.612,86.4
5,CROSS55JIM_133200501_20191007_123548.SBN,13:18:43,29.727,32.695,82.3
6,CROSS55JIM_133200501_20191007_123548.SBN,13:24:35,28.795,33.753,87.9
7,CROSS55JIM_133200501_20191007_123548.SBN,13:29:09,29.333,33.134,82.3
8,CROSS55JIM_133200501_20191007_123548.SBN,14:06:57,29.656,32.773,90.6
9,CROSS55JIM_133200501_20191007_123548.SBN,14:13:16,28.782,33.768,90.6
10,CROSS55JIM_133200501_20191007_123548.SBN,14:21:30,29.325,33.144,87
11,CROSS55JIM_133200501_20191007_123548.SBN,14:30:32,29.558,32.882,86.2
12,CROSS55JIM_133200501_20191007_123548.SBN,14:39:31,29.977,32.422,88.5
13,CROSS55JIM_133200501_20191007_123548.SBN,14:47:08,28.751,33.804,88.8
14,CROSS55JIM_133200501_20191007_123548.SBN,14:54:13,28.613,33.968,85.5
15,CROSS55JIM_133200501_20191007_123548.SBN,15:05:38,28.579,34.009,88.3
16,CROSS55JIM_133200501_20191007_123548.SBN,15:11:50,28.766,33.787,89.7
17,CROSS55JIM_133200501_20191007_123548.SBN,15:23:31,28.823,33.72,91.3
18,CROSS55JIM_133200501_20191007_123548.SBN,15:32:39,30.898,31.456,97.6
1,DANNY19CARTR_133200506_20191007_110154.SBN,12:27:52,37.351,26.022,90.4
2,DANNY19CARTR_133200506_20191007_110154.SBN,12:37:47,34.732,27.983,88.7
3,DANNY19CARTR_133200506_20191007_110154.SBN,12:51:18,34.658,28.043,85.5
4,DANNY19CARTR_133200506_20191007_110154.SBN,13:03:16,37.69,25.787,89.6
5,DANNY19CARTR_133200506_20191007_110154.SBN,13:14:46,35.424,27.436,87.8
6,DANNY19CARTR_133200506_20191007_110154.SBN,13:27:50,36.25,26.812,88.4
7,DANNY19CARTR_133200506_20191007_110154.SBN,13:40:48,36.028,26.977,85
8,DANNY19CARTR_133200506_20191007_110154.SBN,14:54:25,33.346,29.146,84.8
9,DANNY19CARTR_133200506_20191007_110154.SBN,15:07:48,33.804,28.751,87.8
10,DANNY19CARTR_133200506_20191007_110154.SBN,15:17:08,33.989,28.595,89.8
11,DANNY19CARTR_133200506_20191007_110154.SBN,15:29:10,35.185,27.623,88.8
12,DANNY19CARTR_133200506_20191007_110154.SBN,15:44:31,37.396,25.99,91.3
13,DANNY19CARTR_133200506_20191007_110154.SBN,15:54:05,38.642,25.152,99.5
1,DEBR27JEAN_123201188_20191007_110701.SBN,12:19:00,37.3,26.057,95.5
2,DEBR27JEAN_123201188_20191007_110701.SBN,12:25:43,39.981,24.31,102.6
3,DEBR27JEAN_123201188_20191007_110701.SBN,13:15:43,36.147,26.888,93.8
4,DEBR27JEAN_123201188_20191007_110701.SBN,13:23:06,34.602,28.089,92.2
5,DEBR27JEAN_123201188_20191007_110701.SBN,13:31:41,35.567,27.326,89.2
6,DEBR27JEAN_123201188_20191007_110701.SBN,13:38:34,35.472,27.4,96.8
7,DEBR27JEAN_123201188_20191007_110701.SBN,14:10:13,34.805,27.925,99.2
8,DEBR27JEAN_123201188_20191007_110701.SBN,14:15:17,36.037,26.97,91.8
9,DEBR27JEAN_123201188_20191007_110701.SBN,14:20:30,35.028,27.747,91.7
10,DEBR27JEAN_123201188_20191007_110701.SBN,14:24:52,35.069,27.714,92.8
11,DEBR27JEAN_123201188_20191007_110701.SBN,14:38:01,35.314,27.523,98.6
1,DRANE15TRIST_932000540_20191007_094731.SBN,14:37:44,31.542,30.814,90.3
1,GEORG5MICHA_123201112_20191007_112431.SBN,12:35:32,32.031,30.343,77.2
2,GEORG5MICHA_123201112_20191007_112431.SBN,12:47:04,31.798,30.566,81.3
3,GEORG5MICHA_123201112_20191007_112431.SBN,12:52:21,31.898,30.47,80.4
4,GEORG5MICHA_123201112_20191007_112431.SBN,13:00:47,32.213,30.172,81.3
5,GEORG5MICHA_123201112_20191007_112431.SBN,13:05:55,32.183,30.2,81.3
6,GEORG5MICHA_123201112_20191007_112431.SBN,13:15:28,32.1,30.278,77.3
7,GEORG5MICHA_123201112_20191007_112431.SBN,13:21:50,31.553,30.803,78.3
8,GEORG5MICHA_123201112_20191007_112431.SBN,13:28:49,32.095,30.282,79.3
9,GEORG5MICHA_123201112_20191007_112431.SBN,14:44:18,31.921,30.448,81.6
10,GEORG5MICHA_123201112_20191007_112431.SBN,14:51:13,32.206,30.179,80.9
11,GEORG5MICHA_123201112_20191007_112431.SBN,14:59:52,30.944,31.409,83.6
12,GEORG5MICHA_123201112_20191007_112431.SBN,15:09:10,42.357,22.946,95.6
13,GEORG5MICHA_123201112_20191007_112431.SBN,15:15:18,31.194,31.157,82.5
14,GEORG5MICHA_123201112_20191007_112431.SBN,15:23:07,33.064,29.395,81.3
15,GEORG5MICHA_123201112_20191007_112431.SBN,15:34:53,53.671,18.109,119.9
16,GEORG5MICHA_123201112_20191007_112431.SBN,15:43:18,32.39,30.007,91.3
17,GEORG5MICHA_123201112_20191007_112431.SBN,15:53:57,32.721,29.704,95.9
18,GEORG5MICHA_123201112_20191007_112431.SBN,15:58:27,34.001,28.586,95.6
1,GIBSO43JENNA_123200455_20191007_102730.SBN,13:04:31,31.761,30.601,84.8
2,GIBSO43JENNA_123200455_20191007_102730.SBN,13:13:06,31.211,31.14,77.5
3,GIBSO43JENNA_123200455_20191007_102730.SBN,13:23:24,32.396,30.001,81.8
4,GIBSO43JENNA_123200455_20191007_102730.SBN,13:34:07,31.364,30.988,79.4
5,GIBSO43JENNA_123200455_20191007_102730.SBN,13:41:16,33.39,29.108,86.8
6,GIBSO43JENNA_123200455_20191007_102730.SBN,15:23:15,32.541,29.867,91.1
7,GIBSO43JENNA_123200455_20191007_102730.SBN,15:33:16,33.729,28.816,98.6
1,HOFMA8ROBIN_123300129_20191007_125330.SBN,13:05:13,32.055,30.321,88
2,HOFMA8ROBIN_123300129_20191007_125330.SBN,13:14:16,31.86,30.506,89
3,HOFMA8ROBIN_123300129_20191007_125330.SBN,13:24:03,34.098,28.504,92.5
4,HOFMA8ROBIN_123300129_20191007_125330.SBN,14:54:50,33.361,29.133,91.8
5,HOFMA8ROBIN_123300129_20191007_125330.SBN,15:04:52,33.142,29.326,92.3
6,HOFMA8ROBIN_123300129_20191007_125330.SBN,15:23:51,34.186,28.43,92.8
1,HOFMA9RUBEN_932000559_20191007_115600.SBN,12:25:55,32.39,30.007,87
2,HOFMA9RUBEN_932000559_20191007_115600.SBN,12:32:31,30.837,31.518,88.7
3,HOFMA9RUBEN_932000559_20191007_115600.SBN,12:40:14,32.737,29.689,90
4,HOFMA9RUBEN_932000559_20191007_115600.SBN,12:48:02,32.272,30.117,90.7
5,HOFMA9RUBEN_932000559_20191007_115600.SBN,13:22:08,31.266,31.085,89.4
6,HOFMA9RUBEN_932000559_20191007_115600.SBN,13:27:34,31.542,30.814,86.4
7,HOFMA9RUBEN_932000559_20191007_115600.SBN,13:37:36,31.597,30.76,89.7
8,HOFMA9RUBEN_932000559_20191007_115600.SBN,13:42:30,31.823,30.542,89.2
9,HOFMA9RUBEN_932000559_20191007_115600.SBN,14:48:17,32.608,29.806,89.1
10,HOFMA9RUBEN_932000559_20191007_115600.SBN,14:54:57,32.069,30.307,83.6
11,HOFMA9RUBEN_932000559_20191007_115600.SBN,15:04:14,31.14,31.211,83.6
12,HOFMA9RUBEN_932000559_20191007_115600.SBN,15:16:38,31.848,30.517,90.7
1,HOFMA9RUBEN_932000559_20191007_160758_DLG.SBP,12:25:55,32.39,30.007,87
2,HOFMA9RUBEN_932000559_20191007_160758_DLG.SBP,12:32:31,30.837,31.518,88.7
3,HOFMA9RUBEN_932000559_20191007_160758_DLG.SBP,12:40:14,32.737,29.689,90
4,HOFMA9RUBEN_932000559_20191007_160758_DLG.SBP,12:48:02,32.272,30.117,90.7
5,HOFMA9RUBEN_932000559_20191007_160758_DLG.SBP,13:22:08,31.266,31.085,89.4
6,HOFMA9RUBEN_932000559_20191007_160758_DLG.SBP,13:27:34,31.542,30.814,86.4
7,HOFMA9RUBEN_932000559_20191007_160758_DLG.SBP,13:37:36,31.597,30.76,89.7
8,HOFMA9RUBEN_932000559_20191007_160758_DLG.SBP,13:42:30,31.823,30.542,89.2
9,HOFMA9RUBEN_932000559_20191007_160758_DLG.SBP,14:48:17,32.608,29.806,89.1
10,HOFMA9RUBEN_932000559_20191007_160758_DLG.SBP,14:54:57,32.069,30.307,83.6
11,HOFMA9RUBEN_932000559_20191007_160758_DLG.SBP,15:04:14,31.14,31.211,83.6
12,HOFMA9RUBEN_932000559_20191007_160758_DLG.SBP,15:16:38,31.848,30.517,90.7
1,KEENA30HARRY_932000538_20191007_115330.SBN,13:56:46,40.554,23.966,91.1
2,KEENA30HARRY_932000538_20191007_115330.SBN,14:01:08,40.653,23.908,91.9
1,MERTE10TANIA_133201596_20191007_132930.SBN,13:58:45,42.704,22.759,92.2
1,NICHO56GAVIN_833001749_20191007_112604.SBN,11:48:52,57.36,16.944,91.7
2,NICHO56GAVIN_833001749_20191007_112604.SBN,11:52:40,58.717,16.553,92.5
3,NICHO56GAVIN_833001749_20191007_112604.SBN,12:42:57,61.916,15.697,92
4,NICHO56GAVIN_833001749_20191007_112604.SBN,12:48:32,56.973,17.059,92.1
5,NICHO56GAVIN_833001749_20191007_112604.SBN,12:54:30,56.248,17.279,95.8
6,NICHO56GAVIN_833001749_20191007_112604.SBN,14:08:55,55.393,17.546,92.7
7,NICHO56GAVIN_833001749_20191007_112604.SBN,14:13:45,57.422,16.926,96
8,NICHO56GAVIN_833001749_20191007_112604.SBN,14:17:48,57.387,16.936,107.7
9,NICHO56GAVIN_833001749_20191007_112604.SBN,14:50:26,54.127,17.956,95.3
10,NICHO56GAVIN_833001749_20191007_112604.SBN,14:55:05,51.017,19.051,93.5
11,NICHO56GAVIN_833001749_20191007_112604.SBN,15:00:22,50.785,19.138,95.9
12,NICHO56GAVIN_833001749_20191007_112604.SBN,15:04:34,52.142,18.64,89.1
13,NICHO56GAVIN_833001749_20191007_112604.SBN,15:09:57,54.245,17.917,93
1,OERNV50ROGER_133200018_20191007_143630.SBN,14:41:30,33.721,28.822,91
2,OERNV50ROGER_133200018_20191007_143630.SBN,14:48:31,33.833,28.727,97
3,OERNV50ROGER_133200018_20191007_143630.SBN,14:56:49,34.227,28.396,96.4
4,OERNV50ROGER_133200018_20191007_143630.SBN,15:03:13,33.517,28.998,94.5
1,OLIVE52JOHN_133200495_20191007_132224.SBN,13:45:12,32.64,29.777,83.1
2,OLIVE52JOHN_133200495_20191007_132224.SBN,13:49:57,30.853,31.502,84.1
3,OLIVE52JOHN_133200495_20191007_132224.SBN,13:57:24,32.518,29.889,85.5
4,OLIVE52JOHN_133200495_20191007_132224.SBN,14:03:39,31.819,30.545,88.2
5,OLIVE52JOHN_133200495_20191007_132224.SBN,14:12:22,31.742,30.619,84.5
6,OLIVE52JOHN_133200495_20191007_132224.SBN,14:20:46,31.848,30.517,84
7,OLIVE52JOHN_133200495_20191007_132224.SBN,14:27:33,32.439,29.961,86.6
8,OLIVE52JOHN_133200495_20191007_132224.SBN,14:38:25,32.253,30.134,93.1
9,OLIVE52JOHN_133200495_20191007_132224.SBN,14:46:40,31.831,30.534,81.4
10,OLIVE52JOHN_133200495_20191007_132224.SBN,14:55:17,32.376,30.02,83.5
11,OLIVE52JOHN_133200495_20191007_132224.SBN,15:06:40,30.74,31.617,92.3
12,OLIVE52JOHN_133200495_20191007_132224.SBN,15:13:05,31.019,31.333,91
13,OLIVE52JOHN_133200495_20191007_132224.SBN,15:21:19,32.858,29.579,94
14,OLIVE52JOHN_133200495_20191007_132224.SBN,15:31:58,40.825,23.807,109.7
15,OLIVE52JOHN_133200495_20191007_132224.SBN,15:42:41,34.731,27.984,94.8
1,PETTI45SIMON_133200837_20191007_120624.SBN,12:21:15,30.42,31.951,74.3
2,PETTI45SIMON_133200837_20191007_120624.SBN,12:26:44,29.523,32.921,75.2
3,PETTI45SIMON_133200837_20191007_120624.SBN,12:33:26,29.873,32.535,78.3
4,PETTI45SIMON_133200837_20191007_120624.SBN,12:42:02,29.878,32.53,80.7
5,PETTI45SIMON_133200837_20191007_120624.SBN,12:49:07,28.976,33.543,79.8
6,PETTI45SIMON_133200837_20191007_120624.SBN,12:56:28,30.362,32.011,79.1
7,PETTI45SIMON_133200837_20191007_120624.SBN,13:04:34,30.156,32.23,82.3
8,PETTI45SIMON_133200837_20191007_120624.SBN,13:16:34,29.257,33.22,81.6
9,PETTI45SIMON_133200837_20191007_120624.SBN,13:20:25,29.24,33.24,83.9
10,PETTI45SIMON_133200837_20191007_120624.SBN,13:27:07,28.963,33.558,80
11,PETTI45SIMON_133200837_20191007_120624.SBN,13:34:44,28.546,34.048,81.7
12,PETTI45SIMON_133200837_20191007_120624.SBN,14:04:42,28.937,33.587,81.6
13,PETTI45SIMON_133200837_20191007_120624.SBN,14:10:45,28.934,33.591,81.9
14,PETTI45SIMON_133200837_20191007_120624.SBN,14:18:54,29.135,33.359,82.5
15,PETTI45SIMON_133200837_20191007_120624.SBN,14:26:10,29.227,33.254,84.5
16,PETTI45SIMON_133200837_20191007_120624.SBN,14:35:34,28.464,34.145,81.3
17,PETTI45SIMON_133200837_20191007_120624.SBN,14:45:25,28.999,33.515,79.3
18,PETTI45SIMON_133200837_20191007_120624.SBN,14:53:56,28.651,33.923,84.7
19,PETTI45SIMON_133200837_20191007_120624.SBN,15:02:25,28.905,33.625,87.7
20,PETTI45SIMON_133200837_20191007_120624.SBN,15:07:30,28.229,34.43,86.6
21,PETTI45SIMON_133200837_20191007_120624.SBN,15:14:27,28.254,34.399,88.2
22,PETTI45SIMON_133200837_20191007_120624.SBN,15:27:25,29.802,32.613,92.7
23,PETTI45SIMON_133200837_20191007_120624.SBN,15:48:59,29.683,32.743,99
24,PETTI45SIMON_133200837_20191007_120624.SBN,15:57:35,30.056,32.337,98.2
1,RUSSE63ROBIN_113200238_20191007_152535.SBN,15:33:01,39.353,24.698,104.9
2,RUSSE63ROBIN_113200238_20191007_152535.SBN,15:55:34,34.109,28.495,97.5
1,SIBLE46PAUL_123200076_20191007_062730.SBN,12:23:07,31.915,30.454,81.3
2,SIBLE46PAUL_123200076_20191007_062730.SBN,12:31:02,32.208,30.176,76.7
3,SIBLE46PAUL_123200076_20191007_062730.SBN,12:47:46,31.363,30.99,87
4,SIBLE46PAUL_123200076_20191007_062730.SBN,12:59:18,32.245,30.142,83.8
5,SIBLE46PAUL_123200076_20191007_062730.SBN,13:14:59,31.423,30.93,84.3
6,SIBLE46PAUL_123200076_20191007_062730.SBN,13:22:34,30.786,31.57,83
7,SIBLE46PAUL_123200076_20191007_062730.SBN,13:30:28,30.951,31.402,83.4
8,SIBLE46PAUL_123200076_20191007_062730.SBN,14:33:21,31.197,31.154,85
9,SIBLE46PAUL_123200076_20191007_062730.SBN,14:42:14,32.194,30.19,81.9
10,SIBLE46PAUL_123200076_20191007_062730.SBN,15:01:00,30.641,31.72,85.3
11,SIBLE46PAUL_123200076_20191007_062730.SBN,15:11:55,30.802,31.554,91.4
12,SIBLE46PAUL_123200076_20191007_062730.SBN,15:27:39,31.967,30.404,94.1
13,SIBLE46PAUL_123200076_20191007_062730.SBN,15:37:25,33.741,28.806,94.4
1,SKINN61KATHA_123200899_20191007_132910.SBN,13:48:18,39.786,24.429,97.4
2,SKINN61KATHA_123200899_20191007_132910.SBN,13:59:46,37.067,26.22,90.1
3,SKINN61KATHA_123200899_20191007_132910.SBN,14:11:20,37.312,26.049,91.1
4,SKINN61KATHA_123200899_20191007_132910.SBN,14:21:15,37.5,25.918,88.9
5,SKINN61KATHA_123200899_20191007_132910.SBN,14:29:40,39.25,24.762,88.3
6,SKINN61KATHA_123200899_20191007_132910.SBN,14:40:53,37.539,25.891,90.2
7,SKINN61KATHA_123200899_20191007_132910.SBN,14:47:58,36.612,26.547,91.4
8,SKINN61KATHA_123200899_20191007_132910.SBN,14:56:08,37.06,26.226,89.5
9,SKINN61KATHA_123200899_20191007_132910.SBN,15:05:09,36.097,26.926,91
10,SKINN61KATHA_123200899_20191007_132910.SBN,15:17:51,36.326,26.756,90.6
11,SKINN61KATHA_123200899_20191007_132910.SBN,15:24:41,36.756,26.443,90.5
12,SKINN61KATHA_123200899_20191007_132910.SBN,15:31:05,39.273,24.748,91.2
13,SKINN61KATHA_123200899_20191007_132910.SBN,15:39:09,38.569,25.2,92
14,SKINN61KATHA_123200899_20191007_132910.SBN,15:47:48,39.547,24.576,98.8
15,SKINN61KATHA_123200899_20191007_132910.SBN,15:52:34,38.678,25.129,98.5
16,SKINN61KATHA_123200899_20191007_132910.SBN,15:58:16,39.575,24.559,104.4
1,STALL39SCOTT_832001487_20191007_115435.SBN,12:10:30,29.437,33.017,82.1
2,STALL39SCOTT_832001487_20191007_115435.SBN,12:16:23,30.589,31.773,86.3
3,STALL39SCOTT_832001487_20191007_115435.SBN,12:22:19,28.921,33.606,78.3
4,STALL39SCOTT_832001487_20191007_115435.SBN,12:27:09,30.798,31.558,77.8
5,STALL39SCOTT_832001487_20191007_115435.SBN,12:32:41,29.204,33.281,84.4
6,STALL39SCOTT_832001487_20191007_115435.SBN,12:41:40,30.213,32.169,81.3
7,STALL39SCOTT_832001487_20191007_115435.SBN,12:46:44,30.052,32.341,80.8
8,STALL39SCOTT_832001487_20191007_115435.SBN,12:51:45,30.407,31.963,80.1
9,STALL39SCOTT_832001487_20191007_115435.SBN,12:59:03,30.789,31.567,76.3
10,STALL39SCOTT_832001487_20191007_115435.SBN,13:07:35,33.204,29.271,83.4
11,STALL39SCOTT_832001487_20191007_115435.SBN,13:14:31,30.437,31.932,81.4
12,STALL39SCOTT_832001487_20191007_115435.SBN,13:19:25,29.633,32.798,81.2
13,STALL39SCOTT_832001487_20191007_115435.SBN,13:24:11,29.766,32.652,80.8
14,STALL39SCOTT_832001487_20191007_115435.SBN,13:29:40,29.192,33.294,81.3
15,STALL39SCOTT_832001487_20191007_115435.SBN,13:34:29,28.888,33.645,81.8
16,STALL39SCOTT_832001487_20191007_115435.SBN,13:39:03,29.629,32.803,81.6
17,STALL39SCOTT_832001487_20191007_115435.SBN,13:43:18,29.946,32.456,83.6
18,STALL39SCOTT_832001487_20191007_115435.SBN,14:11:41,30.072,32.32,82.9
19,STALL39SCOTT_832001487_20191007_115435.SBN,14:19:53,30.011,32.386,82.7
20,STALL39SCOTT_832001487_20191007_115435.SBN,14:26:52,29.615,32.818,82.7
21,STALL39SCOTT_832001487_20191007_115435.SBN,14:31:51,30.409,31.962,84.3
22,STALL39SCOTT_832001487_20191007_115435.SBN,14:37:14,29.964,32.436,85.5
23,STALL39SCOTT_832001487_20191007_115435.SBN,14:44:56,29.331,33.136,83.8
24,STALL39SCOTT_832001487_20191007_115435.SBN,14:48:53,30.396,31.976,85.4
25,STALL39SCOTT_832001487_20191007_115435.SBN,14:57:34,28.704,33.86,84
26,STALL39SCOTT_832001487_20191007_115435.SBN,15:02:23,29.494,32.953,84.1
27,STALL39SCOTT_832001487_20191007_115435.SBN,15:07:04,29.004,33.51,87.2
28,STALL39SCOTT_832001487_20191007_115435.SBN,15:12:23,29.513,32.932,88.6
29,STALL39SCOTT_832001487_20191007_115435.SBN,15:24:08,29.944,32.458,87.3
30,STALL39SCOTT_832001487_20191007_115435.SBN,15:33:41,29.915,32.49,99.1
31,STALL39SCOTT_832001487_20191007_115435.SBN,15:40:25,31.268,31.084,94.8
32,STALL39SCOTT_832001487_20191007_115435.SBN,15:46:53,30.995,31.358,100
33,STALL39SCOTT_832001487_20191007_115435.SBN,15:53:25,30.948,31.405,100.8
34,STALL39SCOTT_832001487_20191007_115435.SBN,15:57:20,31.675,30.685,105
1,THOMP49NEIL_123200930_20191007_131648.SBN,14:53:35,38.286,25.386,98.4
2,THOMP49NEIL_123200930_20191007_131648.SBN,14:58:15,40.491,24.003,105.3
1,TWINN34ANDRE_932000572_20191007_095200.SBN,11:52:00,44.972,21.612,95.7
2,TWINN34ANDRE_932000572_20191007_095200.SBN,12:30:44,40.515,23.989,89.4
3,TWINN34ANDRE_932000572_20191007_095200.SBN,12:50:53,40.434,24.037,90.4
4,TWINN34ANDRE_932000572_20191007_095200.SBN,13:00:42,40.387,24.065,89.5
5,TWINN34ANDRE_932000572_20191007_095200.SBN,13:16:38,40.937,23.742,97.5
6,TWINN34ANDRE_932000572_20191007_095200.SBN,13:53:47,39.975,24.313,86.4
7,TWINN34ANDRE_932000572_20191007_095200.SBN,14:11:57,40.253,24.145,82.3
1,WILLI37DAVID_932000560_20191007_120230.SBN,14:42:56,32.896,29.545,87.5
2,WILLI37DAVID_932000560_20191007_120230.SBN,14:52:26,34.378,28.271,96
1,WISBE38BEN_932000179_20191007_134848.SBN,14:56:41,37.402,25.986,92
2,WISBE38BEN_932000179_20191007_134848.SBN,15:10:57,37.721,25.766,92
1,WOOD57OLLY_832000210_20191007_090501.SBN,12:23:49,41.444,23.451,97.8
