13,,Motion 4871,Motion 871,,
14,,Motion 4822,Motion 822,,
15,,Motion 4935,Motion 935,,
16,,,,Motion 665,
17,,,,Motion 662,
18,,Motion 4873,Motion 873,,
19,,,Motion 870,,
20,Motion 940,,,,
21,,,Motion 802,,
22,,Motion 4978,Motion 978,,
23,,,Motion 1045,,
24,Motion 642,,,,
25,,,Motion 813,,
26,,Motion 4805,Motion 805,,
27,Motion 632,,,,
28,,,Motion 855,,
29,,,Motion 824,,
30,,Motion 4952,Motion 952,,
31,,,Motion 849,,
32,,,Motion 806,,
33,,Motion 4807,Motion 807,,
34,,Motion 4801,Motion 801,,
35,,,Motion 1043,,
36,,Motion 4841,Motion 841,,
37,,,Motion 808,,
38,,,Motion 804,,
39,Motion 707,,,,
40,,,Motion 852,,
41,,,Motion 861,,
42,,,Motion 1039,,
43,,,Motion 845,,
44,,Motion 4987,Motion 987,,
45,,,Motion 1037,,
46,,Motion 4998,Motion 998,,
47,,,Motion 623,,
48,,,Motion 815,,
49,,,Motion 1033,,
50,,,Motion 838,,
51,,,Motion 819,,
52,,,Motion 853,,
53,,,Motion 814,,
54,Motion 643,,,,
55,,,,Motion 846,
56,,Motion 4854,Motion 854,,
57,,,Motion 641,,Motion 1641
58,,,Motion 1020,,
59,,,Motion 858,,
60,,,Motion 869,,
61,,,,,Motion 618
63,Motion 827,,,,
64,Motion 639,,,,
65,Motion 611,,,,
66,Motion 826,,,,
67,,Motion 4821,Motion 821,,
68,,Motion 4812,Motion 812,,
69,,,Motion 829,,
70,Motion 5669,,,Motion 2669,
71,,,Motion 920,,
72,Motion 631,,,,
73,,Motion 4810,Motion 810,,
75,,,Motion 817,,
76,,,Motion 803,,
77,,,,Motion 699,
78,,,Motion 656,,
79,,,Motion 651,,
80,,,Motion 836,,
81,,,Motion 818,,
82,,,Motion 816,,
83,,Motion 4942,Motion 942,,
84,,,,Motion 701,
85,,,Motion 718,,
86,,Motion 4833,Motion 833,,
87,,,Motion 811,,
88,,,Motion 1002,,
89,,,Motion 647,,
90,,,Motion 1040,,
91,,,Motion 676,,
92,,,,Motion 660,
93,,,Motion 704,,
94,,,Motion 661,,
96,,Motion 4866,Motion 866,,
97,Motion 825,,,,
98,,,Motion 633,,
99,,,Motion 695,Motion 2695,
100,,,Motion 823,,
