1,BUR846EMI_846_20261007_115717.oao,11:13:18,43.298,22.447,103.2
2,BUR846EMI_846_20261007_115717.oao,11:21:35,44.089,22.045,107.0
1,CAM701SBA_701_20261007_094605.oao,12:38:05,43.272,22.461,104.2
1,COL611ANN_611_20261007_094606.oao,11:16:18,39.265,24.753,117.1
2,COL611ANN_611_20261007_094606.oao,11:33:42,39.239,24.769,111.9
3,COL611ANN_611_20261007_094606.oao,11:39:33,40.124,24.223,121.7
4,COL611ANN_611_20261007_094606.oao,11:53:34,42.824,22.696,107.2
1,COL639AND_639_20261007_094725.oao,10:55:40,37.599,25.850,108.2
2,COL639AND_639_20261007_094725.oao,11:16:45,36.381,26.715,114.5
3,COL639AND_639_20261007_094725.oao,11:44:20,38.354,25.341,114.5
4,COL639AND_639_20261007_094725.oao,11:53:51,40.338,24.095,113.3
5,COL639AND_639_20261007_094725.oao,14:27:56,43.375,22.407,117.4
6,COL639AND_639_20261007_094725.oao,14:36:52,40.557,23.964,116.0
1,CON821GAR_821_20261007_135837.oao,14:01:21,36.563,26.582,102.0
1,CON4821GAR_4821_20261007_094701.oao,10:59:27,37.740,25.753,102.3
2,CON4821GAR_4821_20261007_094701.oao,11:04:21,39.416,24.658,105.7
3,CON4821GAR_4821_20261007_094701.oao,11:14:19,35.513,27.368,102.9
4,CON4821GAR_4821_20261007_094701.oao,11:19:55,35.789,27.157,111.5
5,CON4821GAR_4821_20261007_094701.oao,11:27:42,34.886,27.860,108.2
6,CON4821GAR_4821_20261007_094701.oao,11:37:13,35.409,27.448,112.0
7,CON4821GAR_4821_20261007_094701.oao,11:47:24,37.511,25.911,107.4
8,CON4821GAR_4821_20261007_094701.oao,12:08:30,40.245,24.150,102.9
1,CRO836JIM_836_20261007_121811.oao,14:49:23,34.262,28.367,103.3
2,CRO836JIM_836_20261007_121811.oao,15:10:04,36.525,26.610,104.0
3,CRO836JIM_836_20261007_121811.oao,15:16:56,32.547,29.862,105.6
1,CRO952PET_952_20261007_094918.oao,12:38:14,42.645,22.791,102.5
1,DAV695STE_695_20261007_094422.oao,12:09:29,44.502,21.840,103.7
1,DEB802JEA_802_20261007_094418.oao,11:16:04,39.706,24.478,103.3
1,DIC940ROD_940_20261007_095519.oao,10:57:54,38.482,25.257,119.2
2,DIC940ROD_940_20261007_095519.oao,11:02:12,40.841,23.798,110.5
3,DIC940ROD_940_20261007_095519.oao,11:12:51,38.588,25.187,115.4
4,DIC940ROD_940_20261007_095519.oao,11:20:20,37.814,25.703,123.4
5,DIC940ROD_940_20261007_095519.oao,12:01:59,40.627,23.923,110.5
6,DIC940ROD_940_20261007_095519.oao,12:06:32,38.875,25.001,118.3
7,DIC940ROD_940_20261007_095519.oao,12:56:07,39.426,24.652,111.3
8,DIC940ROD_940_20261007_095519.oao,13:48:44,39.274,24.747,108.4
9,DIC940ROD_940_20261007_095519.oao,14:42:28,38.912,24.977,115.9
10,DIC940ROD_940_20261007_095519.oao,14:51:54,39.049,24.890,110.9
11,DIC940ROD_940_20261007_095519.oao,14:56:42,40.976,23.719,112.9
1,DIC998FIN_998_20261007_111617.oao,11:05:46,41.806,23.248,103.2
2,DIC998FIN_998_20261007_111617.oao,11:13:38,39.483,24.616,103.9
3,DIC998FIN_998_20261007_111617.oao,11:21:19,42.171,23.047,107.2
4,DIC998FIN_998_20261007_111617.oao,11:28:12,40.811,23.815,106.0
5,DIC998FIN_998_20261007_111617.oao,11:34:53,44.174,22.002,104.6
6,DIC998FIN_998_20261007_111617.oao,11:42:38,39.672,24.499,107.2
7,DIC998FIN_998_20261007_111617.oao,11:50:02,41.115,23.639,103.4
8,DIC998FIN_998_20261007_111617.oao,12:02:28,41.995,23.144,106.9
9,DIC998FIN_998_20261007_111617.oao,12:10:17,41.399,23.477,105.5
10,DIC998FIN_998_20261007_111617.oao,12:16:55,37.510,25.911,107.8
11,DIC998FIN_998_20261007_111617.oao,12:25:16,39.211,24.787,105.7
12,DIC998FIN_998_20261007_111617.oao,14:02:11,41.153,23.617,103.6
13,DIC998FIN_998_20261007_111617.oao,14:30:44,38.523,25.229,102.1
1,DIN4812JAM_4812_20261007_094831.oao,11:15:39,33.330,29.160,105.8
2,DIN4812JAM_4812_20261007_094831.oao,11:20:06,35.119,27.675,113.2
3,DIN4812JAM_4812_20261007_094831.oao,11:39:49,36.142,26.891,103.4
4,DIN4812JAM_4812_20261007_094831.oao,12:02:51,36.273,26.795,112.0
5,DIN4812JAM_4812_20261007_094831.oao,12:06:34,35.226,27.591,107.5
6,DIN4812JAM_4812_20261007_094831.oao,12:31:57,34.940,27.817,102.9
1,DUD978RIC_978_20261007_115019.oao,12:03:56,47.983,20.256,103.3
2,DUD978RIC_978_20261007_115019.oao,12:35:36,51.753,18.780,101.8
1,EIF662AYA_662_20261007_095615.oao,14:14:24,52.266,18.596,107.1
1,FUL623GEO_623_20261007_121459.oao,13:25:38,46.153,21.059,101.0
2,FUL623GEO_623_20261007_121459.oao,13:43:36,46.415,20.940,103.2
1,GEO4871MIC_4871_20261007_114411.oao,11:02:06,35.649,27.264,110.6
2,GEO4871MIC_4871_20261007_114411.oao,11:09:03,36.228,26.828,107.1
3,GEO4871MIC_4871_20261007_114411.oao,11:13:02,34.175,28.439,117.6
4,GEO4871MIC_4871_20261007_114411.oao,11:18:27,32.744,29.682,124.2
5,GEO4871MIC_4871_20261007_114411.oao,11:30:24,34.269,28.362,114.5
6,GEO4871MIC_4871_20261007_114411.oao,11:34:59,34.913,27.838,118.4
7,GEO4871MIC_4871_20261007_114411.oao,11:39:19,34.333,28.309,122.6
8,GEO4871MIC_4871_20261007_114411.oao,11:44:12,36.429,26.680,112.8
9,GEO4871MIC_4871_20261007_114411.oao,11:48:01,33.828,28.731,115.9
10,GEO4871MIC_4871_20261007_114411.oao,12:09:35,35.512,27.369,114.0
11,GEO4871MIC_4871_20261007_114411.oao,12:17:04,32.765,29.663,114.5
12,GEO4871MIC_4871_20261007_114411.oao,12:21:32,35.202,27.610,110.0
1,GIB935JEN_935_20261007_094148.oao,10:55:23,33.530,28.987,107.3
2,GIB935JEN_935_20261007_094148.oao,11:03:43,37.276,26.074,106.4
3,GIB935JEN_935_20261007_094148.oao,11:12:50,37.170,26.148,107.7
4,GIB935JEN_935_20261007_094148.oao,11:18:49,34.257,28.372,110.8
5,GIB935JEN_935_20261007_094148.oao,11:27:55,32.731,29.695,111.3
6,GIB935JEN_935_20261007_094148.oao,11:33:00,35.134,27.663,115.2
7,GIB935JEN_935_20261007_094148.oao,11:42:01,32.949,29.498,106.5
8,GIB935JEN_935_20261007_094148.oao,11:46:55,34.794,27.934,111.2
9,GIB935JEN_935_20261007_094148.oao,12:04:53,35.615,27.289,105.7
10,GIB935JEN_935_20261007_094148.oao,12:08:50,34.904,27.845,105.5
11,GIB935JEN_935_20261007_094148.oao,12:19:17,36.529,26.607,103.8
12,GIB935JEN_935_20261007_094148.oao,12:22:52,35.176,27.630,105.4
13,GIB935JEN_935_20261007_094148.oao,12:27:39,32.467,29.936,108.1
14,GIB935JEN_935_20261007_094148.oao,13:05:51,32.462,29.940,106.6
15,GIB935JEN_935_20261007_094148.oao,13:11:01,31.317,31.035,102.7
16,GIB935JEN_935_20261007_094148.oao,13:15:26,33.080,29.381,104.4
1,HAR852SCO_852_20261007_104219.oao,11:45:42,40.698,23.881,104.0
2,HAR852SCO_852_20261007_104219.oao,12:08:09,38.871,25.004,103.0
3,HAR852SCO_852_20261007_104219.oao,12:23:02,39.313,24.722,105.3
4,HAR852SCO_852_20261007_104219.oao,12:29:28,36.352,26.736,107.8
1,HAR861SIA_861_20261007_104241.oao,12:23:29,51.687,18.804,102.6
1,HOB946RIC_946_20261007_095549.oao,10:50:49,41.857,23.220,115.3
2,HOB946RIC_946_20261007_095549.oao,10:56:50,35.793,27.154,121.3
3,HOB946RIC_946_20261007_095549.oao,11:02:26,46.725,20.801,119.1
4,HOB946RIC_946_20261007_095549.oao,11:08:32,40.313,24.109,111.8
5,HOB946RIC_946_20261007_095549.oao,11:14:28,37.492,25.923,117.1
6,HOB946RIC_946_20261007_095549.oao,11:18:58,40.247,24.149,118.7
7,HOB946RIC_946_20261007_095549.oao,11:26:10,49.584,19.601,114.4
8,HOB946RIC_946_20261007_095549.oao,11:32:24,41.170,23.607,117.4
9,HOB946RIC_946_20261007_095549.oao,11:42:48,36.729,26.462,119.1
10,HOB946RIC_946_20261007_095549.oao,12:44:15,38.748,25.083,111.3
11,HOB946RIC_946_20261007_095549.oao,13:45:57,35.684,27.237,109.5
12,HOB946RIC_946_20261007_095549.oao,13:54:02,38.768,25.070,101.7
13,HOB946RIC_946_20261007_095549.oao,14:00:26,35.472,27.400,111.6
14,HOB946RIC_946_20261007_095549.oao,14:46:12,35.352,27.493,116.0
15,HOB946RIC_946_20261007_095549.oao,14:51:46,36.648,26.521,113.5
16,HOB946RIC_946_20261007_095549.oao,15:40:41,40.593,23.943,108.3
1,ING801MAR_801_20261007_094807.oao,12:02:50,46.657,20.831,105.0
2,ING801MAR_801_20261007_094807.oao,12:12:52,40.401,24.057,102.7
3,ING801MAR_801_20261007_094807.oao,12:20:32,36.201,26.848,106.1
4,ING801MAR_801_20261007_094807.oao,12:32:20,37.256,26.088,105.9
5,ING801MAR_801_20261007_094807.oao,12:47:50,40.893,23.768,103.7
1,ING1043JON_1043_20261007_094849.oao,11:24:27,44.821,21.685,112.9
2,ING1043JON_1043_20261007_094849.oao,11:31:50,38.724,25.099,109.4
3,ING1043JON_1043_20261007_094849.oao,11:37:56,39.067,24.879,107.8
4,ING1043JON_1043_20261007_094849.oao,11:44:49,37.977,25.592,108.9
5,ING1043JON_1043_20261007_094849.oao,11:51:16,38.862,25.009,106.9
6,ING1043JON_1043_20261007_094849.oao,12:06:07,42.996,22.605,103.7
7,ING1043JON_1043_20261007_094849.oao,12:11:17,35.975,27.017,106.0
8,ING1043JON_1043_20261007_094849.oao,12:17:27,35.838,27.120,106.4
9,ING1043JON_1043_20261007_094849.oao,12:23:28,37.016,26.257,106.4
10,ING1043JON_1043_20261007_094849.oao,12:30:49,36.282,26.788,112.1
11,ING1043JON_1043_20261007_094849.oao,12:35:03,38.938,24.961,103.8
12,ING1043JON_1043_20261007_094849.oao,13:10:12,35.505,27.374,101.7
13,ING1043JON_1043_20261007_094849.oao,13:14:58,36.865,26.365,106.1
1,KIR651JON_651_20261007_121031.oao,11:58:19,48.562,20.014,101.2
2,KIR651JON_651_20261007_121031.oao,12:22:35,41.958,23.164,101.5
1,LON699JAM_699_20261007_095909.oao,14:49:45,43.125,22.537,109.7
1,LON4805ROB_4805_20261007_112637.oao,11:19:12,52.167,18.631,101.2
2,LON4805ROB_4805_20261007_112637.oao,11:36:21,54.639,17.788,102.3
3,LON4805ROB_4805_20261007_112637.oao,11:45:39,55.217,17.602,101.9
4,LON4805ROB_4805_20261007_112637.oao,12:13:05,55.380,17.550,103.4
1,LOR872BRE_872_20261007_134321.oao,13:05:07,33.050,29.407,102.2
2,LOR872BRE_872_20261007_134321.oao,13:12:04,30.882,31.472,107.9
3,LOR872BRE_872_20261007_134321.oao,13:19:58,31.776,30.587,103.3
4,LOR872BRE_872_20261007_134321.oao,14:01:01,30.842,31.513,102.7
5,LOR872BRE_872_20261007_134321.oao,14:09:08,30.524,31.841,104.4
6,LOR872BRE_872_20261007_134321.oao,14:44:35,31.953,30.418,102.8
7,LOR872BRE_872_20261007_134321.oao,14:49:56,32.258,30.129,115.2
1,LOR1037FRA_1037_20261007_095039.oao,11:21:43,42.960,22.624,105.0
2,LOR1037FRA_1037_20261007_095039.oao,11:30:49,38.848,25.019,103.5
3,LOR1037FRA_1037_20261007_095039.oao,11:36:40,48.969,19.848,103.5
4,LOR1037FRA_1037_20261007_095039.oao,11:43:27,40.155,24.204,104.9
5,LOR1037FRA_1037_20261007_095039.oao,12:05:16,42.837,22.689,104.9
6,LOR1037FRA_1037_20261007_095039.oao,12:10:37,41.604,23.361,105.0
7,LOR1037FRA_1037_20261007_095039.oao,12:21:00,41.712,23.301,106.9
1,LOR4872BRE_4872_20261007_094443.oao,11:12:11,34.360,28.287,107.4
2,LOR4872BRE_4872_20261007_094443.oao,11:19:32,34.782,27.943,117.4
3,LOR4872BRE_4872_20261007_094443.oao,11:26:17,34.257,28.371,111.1
4,LOR4872BRE_4872_20261007_094443.oao,11:32:15,34.014,28.575,109.9
5,LOR4872BRE_4872_20261007_094443.oao,11:36:49,34.037,28.555,121.1
6,LOR4872BRE_4872_20261007_094443.oao,11:40:16,33.259,29.223,114.1
7,LOR4872BRE_4872_20261007_094443.oao,11:43:50,33.740,28.806,111.2
8,LOR4872BRE_4872_20261007_094443.oao,11:47:55,33.899,28.671,106.8
9,LOR4872BRE_4872_20261007_094443.oao,11:52:05,34.361,28.286,111.8
10,LOR4872BRE_4872_20261007_094443.oao,12:15:58,36.008,26.992,109.4
11,LOR4872BRE_4872_20261007_094443.oao,12:21:23,37.237,26.101,105.3
1,MAY806SCO_806_20261007_094549.oao,12:33:19,42.153,23.057,106.5
2,MAY806SCO_806_20261007_094549.oao,12:45:57,43.130,22.535,103.6
3,MAY806SCO_806_20261007_094549.oao,14:22:07,38.999,24.922,102.4
1,MEY1039NEI_1039_20261007_094149.oao,11:32:04,41.169,23.608,102.3
2,MEY1039NEI_1039_20261007_094149.oao,12:28:56,40.526,23.983,103.0
1,MEY1045BEN_1045_20261007_094341.oao,11:15:17,38.513,25.236,102.7
2,MEY1045BEN_1045_20261007_094341.oao,11:48:59,37.038,26.241,103.6
3,MEY1045BEN_1045_20261007_094341.oao,12:06:43,37.920,25.631,105.1
4,MEY1045BEN_1045_20261007_094341.oao,12:22:15,36.715,26.472,103.0
5,MEY1045BEN_1045_20261007_094341.oao,12:39:20,35.791,27.155,102.9
1,MIL642JEZ_642_20261007_094725.oao,10:55:57,42.865,22.674,107.1
2,MIL642JEZ_642_20261007_094725.oao,11:16:08,44.968,21.614,101.9
3,MIL642JEZ_642_20261007_094725.oao,11:29:36,45.952,21.151,105.8
4,MIL642JEZ_642_20261007_094725.oao,11:39:07,44.135,22.022,106.5
1,NEA676IAI_676_20261007_111801.oao,10:58:26,37.588,25.858,106.8
2,NEA676IAI_676_20261007_111801.oao,11:13:43,35.561,27.331,110.9
3,NEA676IAI_676_20261007_111801.oao,11:27:08,40.250,24.147,106.0
4,NEA676IAI_676_20261007_111801.oao,11:42:40,37.272,26.076,112.8
5,NEA676IAI_676_20261007_111801.oao,12:10:49,40.541,23.974,111.6
6,NEA676IAI_676_20261007_111801.oao,12:25:48,40.198,24.179,109.0
1,OLI858JOH_858_20261007_095655.oao,11:43:04,36.807,26.406,105.7
2,OLI858JOH_858_20261007_095655.oao,11:52:59,40.283,24.128,101.7
3,OLI858JOH_858_20261007_095655.oao,12:31:38,38.160,25.469,105.0
1,PAL920MAR_920_20261007_124915.oao,14:52:14,40.029,24.280,103.8
1,PET822SIM_822_20261007_094317.oao,11:02:39,36.770,26.433,104.3
2,PET822SIM_822_20261007_094317.oao,11:14:00,32.426,29.973,105.2
3,PET822SIM_822_20261007_094317.oao,11:20:59,32.754,29.673,107.4
4,PET822SIM_822_20261007_094317.oao,11:28:37,30.998,31.355,105.3
5,PET822SIM_822_20261007_094317.oao,11:48:31,32.011,30.362,103.5
6,PET822SIM_822_20261007_094317.oao,12:05:25,34.961,27.800,103.8
7,PET822SIM_822_20261007_094317.oao,12:27:42,32.102,30.276,102.1
8,PET822SIM_822_20261007_094317.oao,14:28:15,30.978,31.375,105.6
9,PET822SIM_822_20261007_094317.oao,14:50:04,31.039,31.313,103.5
1,SMI855BAR_855_20261007_103431.oao,10:30:07,94.299,10.307,106.5
2,SMI855BAR_855_20261007_103431.oao,10:46:44,108.234, 8.980,107.3
3,SMI855BAR_855_20261007_103431.oao,10:59:31,87.441,11.115,107.0
1,THO656RUS_656_20261007_150325.oao,15:59:44,45.395,21.410,106.8
1,WAT819JOE_819_20261007_094819.oao,12:38:37,51.213,18.978,101.7
1,WHA647TRE_647_20261007_134519.oao,14:28:18,42.373,22.937,101.8
1,WIL669DAV_669_20261007_132435.oao,12:51:56,31.673,30.686,110.4
2,WIL669DAV_669_20261007_132435.oao,12:57:10,32.041,30.334,111.0
3,WIL669DAV_669_20261007_132435.oao,13:02:25,33.059,29.400,111.9
4,WIL669DAV_669_20261007_132435.oao,13:07:32,32.660,29.758,112.3
5,WIL669DAV_669_20261007_132435.oao,13:44:57,36.863,26.366,106.4
6,WIL669DAV_669_20261007_132435.oao,13:52:40,32.649,29.769,109.9
7,WIL669DAV_669_20261007_132435.oao,14:07:05,30.687,31.672,112.5
8,WIL669DAV_669_20261007_132435.oao,14:13:29,30.929,31.424,117.6
9,WIL669DAV_669_20261007_132435.oao,14:23:33,32.461,29.941,109.7
1,WIL5669DAV_5669_20261007_095319.oao,11:00:47,41.877,23.209,108.8
2,WIL5669DAV_5669_20261007_095319.oao,11:06:17,38.735,25.092,105.6
3,WIL5669DAV_5669_20261007_095319.oao,11:12:26,38.354,25.341,108.5
4,WIL5669DAV_5669_20261007_095319.oao,11:19:07,37.376,26.004,113.7
5,WIL5669DAV_5669_20261007_095319.oao,11:32:55,38.390,25.317,111.6
